earnings_rank,nationality,real_name,player_name,earnings,year
1,Portugal,Francisco Alves,k4shera,4242,2019
2,South Korea,Kim Bong-sang,JuanKorea,4167,2019
3,Sweden,Alexander Selfwin,Noth,4067,2019
3,Norway,Martin Heggøy Aamyri,Pjeh,4067,2019
3,Sweden,Johan Taylor,Taylor,4067,2019
6,Canada,Jonathon Boland,Urban,3929,2019
7,United States,Matthew Robertson,WiKeD,3917,2019
8,France,,Crizx,3863,2019
9,Canada,Mitchell Casey,Birt,3829,2019
10,Australia,Joshua Green,Jaro,3485,2019
10,Philippines,Dodge Lecciones,Dodge,3485,2019
12,Russia,Danila Soloviov,Sunset,3467,2019
13,Thailand,Titinan Chansap,Tempplex,3369,2019
14,Australia,Cameron Patterson,Campar,3308,2019
15,United States,Zach Mazer,Zach,3287,2019
16,United States,Trenton Clements,lou,3270,2019
17,United States,Justin Phipps,Teenage,3222,2019
18,Taiwan,Tzu-Cheng Chi,Jongie,3167,2019
19,China,Su Jia-Yi,Pomelo,3154,2019
19,China,Zhang Hong-Qiang,Wen,3154,2019
19,China,Chen Yi-Qi,QHorm,3154,2019
19,China,Chen Bo-Ran,Ran,3154,2019
23,Australia,Ben Ruffels,AirSaaan,3126,2019
24,Norway,Per Stian Venås,siigN,3067,2019
25,Sweden,Sebastian Eketrapp,BallonG,2967,2019
25,Norway,Markus Fjeld,Fjeldern,2967,2019
27,Latvia,Viktors Bernevs,Forsak3n,2900,2019
28,United States,Brendan Pode,Onmuu,2885,2019
28,United States,Atanas Dimitrov,LionFYD,2885,2019
30,Portugal,Daniel Jesus,Psycle,2855,2019
31,Sweden,Simon Bellini,Vaifs,2833,2019
31,Denmark,Philip Olsen,Lowley,2833,2019
33,Sweden,Ludvig Storm,stormen,2798,2019
34,Canada,Alex Scala,scuwry,2773,2019
35,Hong Kong,Chi-Fung Ko,Ko0416,2667,2019
35,Taiwan,Jung-Da Lyu,Zonda,2667,2019
35,Taiwan,Wei Chang,Xargon,2667,2019
38,United States,Justin Pate,JP2,2567,2019
39,United States,Tom Taylor,Tsquared,2524,2019
40,Canada,Justin Kellar,Kellar,2472,2019
41,United States,Alejandro Suntay,AlejandroSuntay,2402,2019
42,Italy,Giulio Bavaresco,Cybe8,2350,2019
43,Portugal,Rui Silva,nightyz,2333,2019
44,Sweden,Dennis Wadenfors,LAZXR,2300,2019
45,United States,Cameron Cisco,Hambino,2272,2019
46,Austria,Iljas Amagow,Matrixx,2235,2019
47,Norway,Kha Nguyen,iPN,2200,2019
47,United Kingdom,Aaron-Anton Jones,HELL,2200,2019
47,Croatia,Dan Ušić,rpr,2200,2019
47,Sweden,Eric Gleisner,mofferz,2200,2019
47,United Kingdom,Gareth Marshall,GaRpY,2200,2019
52,Australia,Jackson Taylor,heykatie,2172,2019
53,United States,Max Clelan,Nasticle,2167,2019
54,United States,Gabe Brunelle,Gabeismon,2164,2019
55,United States,Khris Boyle,Knitehawk,2142,2019
56,United States,Alan Gonzalez,Vaxlon,2107,2019
57,United States,Nicholas Hobbs,Vein,2067,2019
58,Belarus,Petr Myagkov,Desertuk,2008,2019
59,United States,Taylor Humphries,THump,1967,2019
60,Taiwan,Bao-Yuan Hsu,Nestea,1833,2019
60,Taiwan,Yu-Lun Nieh,NieBao,1833,2019
62,Italy,Loris Bilardi,Streamiii,1804,2019
63,United States,Mitchell Guernica,bird,1700,2019
64,Taiwan,Mao-Sen Huang,AsSen,1667,2019
64,Taiwan,Sheng-Lun Zhang,Crazyface,1667,2019
66,Italy,Federico Fantozzi,theb1gone,1573,2019
67,Canada,Nicholas Kell,Crust,1564,2019
68,United States,Devon Self,pfitter,1556,2019
69,Finland,Jame Markus Tapani Trygg,Smythj,1509,2019
70,Russia,Ilya Blinkov,Azee,1505,2019
71,Russia,Anatoly Belousov,Wrugb,1468,2019
72,Serbia,Nikola Aničić,Nikolarn,1466,2019
73,Canada,Ahmed Al-Dabboos,Yousif,1433,2019
74,Germany,Artur Swerhun,MISTERARTHER,1383,2019
75,United States,Christian Blaylock,PowPow,1373,2019
76,Taiwan,Kuan-Hsian Su,GueiGo,1333,2019
77,Finland,Ville Palmu,Despe,1316,2019
77,Sweden,Philip Lundius,phods,1316,2019
79,United States,Riley Nguyen,ohaaiii,1271,2019
80,United States,James Han,oDangoDang,1243,2019
80,United States,Troy Reed,Ryot,1243,2019
80,United States,Radwan Yahya,Padiwan,1243,2019
83,Bosnia and Herzegovina,Haris Hodzic,Hodsic,1227,2019
84,United States,Christopher Pavloff,Jay3,1217,2019
85,Mexico,Eric Sanchez,Forcee,1194,2019
85,United States,Damien Starovoyt,Promo_z,1194,2019
87,Germany,Marcel Lehmann,Veineless,1174,2019
87,Sweden,Martin Wongphrom,Graceful,1174,2019
89,Denmark,Svend-Erik Høegh,Taxi,1167,2019
90,Australia,Matthew Trengove,Emtee,1162,2019
91,France,Lucas Basilis,SpaceBud,1123,2019
91,France,Romain Mieudonnet,VlaDéDé,1123,2019
91,France,Maxence Albaut,Gaxalies,1123,2019
94,France,Dylan Catalano,Krama,1113,2019
95,Russia,Dmitry Petrov,Fyzu,1108,2019
96,Spain,Joshua Campos,ToxikeN,1083,2019
97,United States,Nathan Truong,Anbu,1032,2019
98,United States,Zac McCooey,ColaTMB,992,2019
99,Italy,Federico Raffaeli Albo,Skannella,983,2019
100,France,Elwin Echeveria,KSWINNIIE,933,2019
101,Mexico,Carlo Delsol,Dcop,917,2019
102,United States,Nando Varriale,Nand2o3,850,2019
103,United States,Devin Nelson,SneakyMonkey,833,2019
103,United States,Jacob Sandrik,Holliday,833,2019
103,United States,Kyle Craig,Kyraig,833,2019
106,United States,Elijah Hill,Hill,803,2019
107,Sweden,Elias Tannerfalk,Lax,787,2019
108,United States,Jason Patterson,MOOMAN,774,2019
109,United States,Jordan McClelland,turnzz,750,2019
110,United States,Aidan Grodin,rocker,733,2019
111,United States,Jaylen Gammage,FuTuRe,723,2019
111,United States,Chandler Atkinson,Bruthaman,723,2019
113,Netherlands,Joshy Djotaroeno,Senzeeh,692,2019
114,United States,Brenden Thomas Hammond,Inhuman,676,2019
115,United Kingdom,Shivam Patel,ShivFPS,667,2019
116,United States,Jim Anderson,SSLCK,658,2019
117,United States,Cole Prommel,Rkn,636,2019
118,United States,Lucas Medaris,Drenzi,617,2019
119,Poland,Daniel Piechota,jelliedcorn,593,2019
119,Poland,Denis Brendstrup,Denzaay,593,2019
121,Poland,Michał Bołtromiuk,kiyo,577,2019
122,United States,Hector Felix,Dazs,567,2019
122,United States,Bil Carter,Jump,567,2019
124,Sweden,John Håkansson,Hakis,553,2019
125,United States,,Golden,550,2019
125,United States,,SlurpeeG,550,2019
127,Czech Republic,Petr Lache,mlcak,545,2019
128,Czech Republic,Dominik Zralý,Lands,525,2019
129,South Korea,Jeong Da-un,Bazzi,486,2019
130,Russia,Yuri Minosian,Yuraah,470,2019
131,Indonesia,Farrel Khezia Ramanda,Silver Sky,468,2019
132,United Kingdom,Ewan Bodden,Edah,450,2019
133,South Korea,Lim Ui-jun,Xav4ge,433,2019
133,United States,Sean Schuler,Speedhack,433,2019
133,United Kingdom,Christian Turner,pistachio,433,2019
133,Romania,Cucu Adrian,cucubau,433,2019
133,Bosnia and Herzegovina,Benjamin Brkic,shineZ,433,2019
138,United States,Josh Howard,JHow,400,2019
138,United States,Austin Evans,ACEKTM7,400,2019
138,United States,Nathan Lawrence Fabrikant,Nathanias,400,2019
138,United States,Brian Matos,Vyolent,400,2019
138,Argentina,,Katten,400,2019
143,Vietnam,Phạm Thịnh Trung Tín,Penso,393,2019
143,Vietnam,An Bảo Lê Nguyễn,Avi,393,2019
145,Argentina,Mauro Londra,ZOONINENINENINE,383,2019
146,Australia,Rick Wirth,Sharky,373,2019
147,Belarus,Ilya Taishyn,TayS,366,2019
148,Estonia,Nikita Makogon,Slempy,364,2019
149,Ukraine,Oleksander Bokuchava,Sanya,354,2019
150,Spain,Oscar Salvador Ojeda,Chikencio,350,2019
151,France,Victor Marion,ASKYY,337,2019
151,France,Corentin Sadoun,laggeRR,337,2019
153,Vietnam,Nguyễn Trung Tín,Viness,335,2019
154,Saudi Arabia,Mohammed Bin Hattan,Dictator,333,2019
154,Saudi Arabia,Saher Kurdi,S2HR,333,2019
154,United States,Dalton,Daltoosh,333,2019
154,United States,Garrett Bowman,Logicly,333,2019
154,United States,Danny Kraus,Seven ik,333,2019
154,Russia,Mikhail Nikolaev,Stanyyy,333,2019
154,United States,Peyton Schutz,peesh,333,2019
154,United States,Kevin Nguyen,Wonderfuls,333,2019
154,United States,Christopher Schaefer,GrimReality,333,2019
154,Canada,Chris Brown,Chris,333,2019
164,Portugal,João Raposo,JayDTR,319,2019
165,South Korea,,SunWoo,310,2019
166,South Korea,Hyun Jae-geun,DeX,307,2019
166,South Korea,Goo Gyo-ik,Sty1e,307,2019
168,Russia,Gapur Parizhev,Kerebere,305,2019
169,Denmark,Oliver Kurtuldu,Badoli,300,2019
170,Vietnam,Mã Đại Kha,Kane,291,2019
170,Vietnam,Nguyễn Hữu Nghĩa,Glat,291,2019
172,Russia,Nikita Tyurin,CPBR,284,2019
173,Uruguay,Dylan Martinez,Law,271,2019
173,Argentina,Ignacio Del Rio,Capi,271,2019
175,United States,Lindsey Kingrey,Linz,267,2019
176,Finland,Verneri Siren,WEku,261,2019
176,Finland,Lauri Kouhi,Kouhia,261,2019
176,Finland,Jesper Koski,Jerppe,261,2019
179,United States,Keegan Dwyer,Hardly,256,2019
179,United States,Edward McRowan,Yata,256,2019
181,United States,Athanasios Alestas,MrGreekGod,250,2019
182,Brazil,Gabriel Ceregatto,isnoul,233,2019
182,Brazil,Nino Pavolini,ninexT,233,2019
184,France,Damien Patrac,Daze,225,2019
184,United States,Angello Cadenas,Xenial,225,2019
186,Australia,Zain Hayres,Cryptic,224,2019
186,Australia,Andrew Reid,DjTalica,224,2019
186,New Zealand,Ben Falconer,BenMF,224,2019
186,Australia,Louis Borg,BulletL,224,2019
190,South Korea,Choi Dae-hoon,Hoony,223,2019
191,United Kingdom,Jake Lock,jaazzaz,200,2019
191,Sweden,Adam Blombacke,nitrahh,200,2019
191,United Kingdom,Matthew Didehvar,Dids,200,2019
191,Sweden,Nikola Svensson,N1KOLA,200,2019
191,United States,Chay Chavez,Midnightson,200,2019
191,United Kingdom,Alex Wilson,AlexDoubleU,200,2019
191,United States,Jeff Voss,Resookie,200,2019
198,Japan,,okame,194,2019
199,Argentina,Agustin Ibarra,Nozwer,193,2019
200,Denmark,Casper Emil Præstensgaard,Gnaske,190,2019
201,Japan,,kawase,184,2019
201,Japan,,KoToRi,184,2019
201,Japan,,SudetakiN,184,2019
204,Poland,Dawid Bak,thebaku,177,2019
205,Ukraine,Stanislav Ostapushchenko,stanjke,176,2019
206,Australia,Lachie Bruke,Rakiiii,171,2019
207,United Kingdom,Joshua Nice,nOOK,168,2019
208,Russia,Alexey Rusinov,Maliwan,158,2019
209,Belgium,Ramzi Geysen,Aeon,155,2019
210,Japan,Sigeru Maki,AlpaN,152,2019
211,Russia,Stanislav Belov,msh,150,2019
211,United Kingdom,Toby Wells,Anrchxy,150,2019
213,Japan,,Karaaju,148,2019
214,South Korea,Yoon Hee-jong,Heegak,139,2019
214,South Korea,Park Won-jae,Cpt,139,2019
214,Sweden,Victor Törnbom,Kozay,139,2019
214,Sweden,Marcus Hultner,Galatorix,139,2019
218,Thailand,Pat Saejew,NutsuruSama,137,2019
218,Thailand,Poovanon Thuvanalin,Almaynx,137,2019
220,United States,Jose Soto,ProdigyAces,133,2019
221,Portugal,Miguel Morgado,kewzy,128,2019
221,Portugal,Filipe Morgado,Hiarka,128,2019
223,Chile,Brandon Herrera,Brans,127,2019
224,United Kingdom,Jamie Levine,Blasts,122,2019
225,Indonesia,Jonathan Gandasasmita,Ganjo,118,2019
226,United Kingdom,Jamie Duell,Shy,117,2019
227,France,Nicolas Sageot,Amaazz,113,2019
228,Argentina,Nahuel Pulella,Puleule,111,2019
228,Argentina,Juan Martín,Halcyon,111,2019
230,United Kingdom,Dani Strange-Durante,Daniomega,100,2019
230,Denmark,Martin Skrydstrup,gdolphn,100,2019
230,Poland,Patryk Zagumny,QUERNI,100,2019
230,Poland,Dominik Szałapski,Siebakk,100,2019
230,Denmark,Simon Hald,thex,100,2019
230,Italy,Luca Bacci,freddo,100,2019
236,Argentina,Tomás Ghilino,Kyrie,98,2019
236,Thailand,Patimakron Mechai,apexSQL,98,2019
238,Sweden,Samuel Lohi,Zaphehe,95,2019
239,Thailand,Lertpong Nakurai,Dexter,87,2019
239,Thailand,Teerasak Kedaim,PinOcChiOs,87,2019
241,Argentina,Matias Aguirre,lh0yd,81,2019
241,Argentina,Alejo Nahuel Garcia,Prote,81,2019
243,Ireland,Rhys Smyth,Funk,75,2019
243,United States,Rafael Canadas,bowswer,75,2019
245,Thailand,Sila Akepadcha,KzyyX,72,2019
245,Poland,Mateusz Cywiński,ArTiXeNN,72,2019
247,United States,Tyler Gardner,Dezignful,67,2019
248,South Africa,Luke Webber,t3nshy,66,2019
248,South Africa,Alix Trublet de Nermont,Altruli,66,2019
248,South Africa,Timothy Barnard,WreXuu,66,2019
251,Denmark,Nicholas Bennett,Hachikobtw,57,2019
252,Argentina,Khrys Torres,aimbotmachin3,55,2019
252,Argentina,Elías Gallardo,Gallardd,55,2019
252,Argentina,Evelyn La Torre,evzy,55,2019
255,United States,Noah Davis,blitziin,50,2019
255,Czech Republic,David Halberštát,Davsa,50,2019
255,Poland,Sebastian Błaszczyk,Furen,50,2019
255,Czech Republic,Radek Pozler,Radek,50,2019
259,Japan,Masaki Mukai,Mukai,46,2019
260,South Africa,Jacques Schalkwyk,WhysoFriendly,44,2019
260,Thailand,Jitviwat Phatcharakan,izxys,44,2019
260,Thailand,Naphat Thongjitr,GossEyee,44,2019
263,Hungary,János László Hunyadi,Szalami1,42,2019
264,Japan,,Leia,40,2019
265,Japan,,Alelu,37,2019
265,Belgium,Manuel Ramos Sanchez,QTSati,37,2019
265,France,Théo Lesecq,Cyqop,37,2019
268,Indonesia,Helmy Dwi Apriandie,apriaN,35,2019
269,Russia,Denis Rassokhin,cleaveee,34,2019
270,United States,Jordan Resulta,Resultuh,33,2019
270,United States,Chance Lippie,ChanceL,33,2019
270,Argentina,Tomás Del Canal,Brenin,33,2019
270,Argentina,Ian Carruccio,Kissmyaug,33,2019
274,Japan,,AhnuG,31,2019
275,Sweden,Channel Tello,Dipities,30,2019
276,Russia,Artur Karamov,Sadyama,26,2019
277,Sweden,Leo Nilsson,Leodeddz,20,2019
277,Sweden,Casper Elvelid,Caspere,20,2019
277,Italy,Federico Portolani,Nisa,20,2019
277,Argentina,Leonel Ezequiel Diaz Alvarez,Mike,20,2019
277,United States,Hunter Perez,Asura,20,2019
277,Sweden,Otto Boström,ottr,20,2019
277,Italy,Alessio Menzano,strafy,20,2019
277,Russia,David Khachapuridze,dsblf,20,2019
277,Russia,Igor Bogomolov,Chrollo,20,2019
286,France,Johan Wilbrenninck,JSavageW,19,2019
287,Brazil,Lucas Nascimento Cafure,artiNN1,17,2019
287,Sweden,Alexander Söderberg,Fokarn,17,2019
287,Brazil,João Victor,Rhythm,17,2019
287,Brazil,Pedro Henrique,Deft,17,2019
287,United States,Miguel Angel Medina JR,Mig_99,17,2019
287,United States,Jaime Alvarez,CrozzoveR,17,2019
287,Vietnam,Nhan Le,Shurimawizard,17,2019
287,Germany,Lukas Becker,Baker,17,2019
287,Germany,Dominik Wollny,wLny,17,2019
296,Thailand,Thanakorn Ruckapunmaetree,Appraiser,16,2019
297,United States,Vincent Cappetto,ViNiM,12,2019
297,United States,Bishop Dawson,BishUP,12,2019
297,Canada,Kurtis Thom,Kurtis,12,2019
300,Thailand,Sinchai Sotsiao,Chambers,11,2019
301,Brazil,,savINSANO,10,2019
302,Japan,,Sapoten,9,2019
303,United States,Eric Leichliter,BigEKnows,8,2019
303,United States,Jaden Pettigrew,S16oz,8,2019
303,United States,Trevor Moye,Trevv,8,2019
306,Brazil,Jansen Tosi Siqueira,tur0gh-,7,2019
306,Brazil,Gabriel Teles,Khalef,7,2019
306,Lithuania,Elvinas Padegimas,evokje,7,2019
309,United Kingdom,Jamie Hall,Paradox,5,2019
310,South Korea,Lee Sung-tan,INPA,3,2019
310,South Korea,Ji Yong-jun,Taesik,3,2019
310,South Korea,Yoo Seung-Woo,Moothie,3,2019
1,Australia,Cameron Patterson,Campar,6920,2020
2,Finland,Lauri Kouhi,Kouhia,6867,2020
3,Turkey,Tolga Çınar,Varayn,6830,2020
4,France,Nicolas Sageot,Amaazz,6815,2020
4,Italy,Dennis Fratantonio,ShRP,6815,2020
6,China,Hu Wang,3Mz,6787,2020
7,Japan,Ishikawa Yuto,DizzyMizLizyy,6772,2020
7,Japan,Kazumoto Sano,sano874,6772,2020
9,Spain,Iván Cuesta Mendez,Kryp,6687,2020
10,United States,Brenden Marino,Casper,6675,2020
11,Australia,Noyan Ozkose,Genburten,6616,2020
12,United Kingdom,Shivam Patel,ShivFPS,6567,2020
13,United States,Tom Taylor,Tsquared,6500,2020
14,Russia,Alexey Rusinov,Maliwan,6293,2020
15,Japan,,alkaliion,6193,2020
16,Australia,Aiden Ramsay,BanterStorm,6170,2020
17,United States,Jay Stanley,Claraphi,5935,2020
18,Japan,,shomaru,5821,2020
19,South Africa,Matthew Ries,DaStwika,5817,2020
19,South Africa,Jacques Schalkwyk,WhysoFriendly,5817,2020
21,Argentina,Sebastian Kosmach,Ricoysuavecito,5810,2020
22,United States,Andre Enriquez,CUBSKi,5643,2020
23,Argentina,Axel Flocco,TheTerroday,5556,2020
24,Argentina,Hugo Joquin Bavastro,MaestroJefe,5540,2020
25,Russia,David Khachapuridze,dsblf,5427,2020
26,Slovenia,Matej Fekonja,MaTaFe,5387,2020
27,United States,Sean Garcia,vsnz,5350,2020
28,Finland,Juho Sillanpää,Silta,5220,2020
29,United States,Jordan McClelland,turnzz,5170,2020
30,Russia,Anton Shkuratov,xaniya,5035,2020
31,United States,Cole Prommel,Rkn,4963,2020
32,United States,Peyton Schutz,peesh,4910,2020
33,Indonesia,Rizky Nugraha,Kisanss,4889,2020
33,Indonesia,Juan Jody Tubil,Twizy,4889,2020
35,Turkey,Umut Zeytünlü,PinkyFinkyTinky,4880,2020
36,Japan,Suzune Okamura,Hatsume,4853,2020
37,Japan,Tsurumaki Miki,Pinotr,4845,2020
37,Japan,,Curihara,4845,2020
39,Argentina,Octavio Sanchez,CaRazorARG,4840,2020
40,Finland,Roope Kurkela,Ruabbe,4833,2020
41,United States,Jack Martin,NiceWigg,4827,2020
42,Japan,Oshima Yuta,mo-mon,4745,2020
43,Japan,Shunsuke Ito,SPK,4698,2020
43,Japan,Masaki Tamanaha,788,4698,2020
45,Indonesia,Zirul Iman,Zaratass,4693,2020
46,United States,Timothy Putrow,sYnceD,4650,2020
47,Colombia,Kevin Sanchez,Denpride,4590,2020
48,Thailand,Thanakorn Ruckapunmaetree,Appraiser,4540,2020
49,Norway,Tobias Hellesvik,pyradice,4507,2020
50,Turkey,Gökhan Saral,Cathryan,4450,2020
51,Russia,Kirill Rulin,RANCHES,4390,2020
52,Japan,Masaki Mukai,Mukai,4323,2020
52,Japan,,Leia,4323,2020
54,Russia,Denis Rassokhin,cleaveee,4315,2020
55,Japan,,Alelu,4302,2020
56,Japan,,SudetakiN,4292,2020
57,Brazil,André Luiz Lucatelli Borges,fuinhaFPS,4282,2020
58,Japan,,t23tatsu,4262,2020
58,Japan,,JIGEN,4262,2020
60,United States,Jose Soto,ProdigyAces,4240,2020
61,United States,Anthony Andrade,Apryze,4200,2020
62,United States,Rafael Canadas,bowswer,4155,2020
63,Australia,Dylan Price,Prycyy,4137,2020
64,United States,Lyric Quinonez,lyric,4100,2020
65,Australia,Lachie Bruke,Rakiiii,4077,2020
66,Argentina,Camilo Spinelli,zolden,4040,2020
66,Chile,Álvaro Sebastián Bahamonde Betancur,Kr0noz,4040,2020
68,United States,Beau Sheidy,RamBeau,3823,2020
69,Brazil,Osmar de Matos Marques Filho,OMM,3810,2020
70,United States,Brandon Groombridge,FunFPS,3750,2020
71,Australia,Nathan Humphries,CryptiK,3680,2020
71,Australia,Louis Borg,BulletL,3680,2020
73,United States,,OddFreestyle,3673,2020
74,United States,Zach Mazer,Zach,3608,2020
75,Colombia,Daniel Avelarde,DRAM4H,3580,2020
76,United States,Elijah Hill,Hill,3572,2020
77,United States,Jacob Bocanegra,Mini,3525,2020
78,Brazil,Yohran Erick,avlis,3510,2020
79,United States,Angello Cadenas,Xenial,3495,2020
80,Turkey,Emre Yenilmez,Yaga,3470,2020
81,Brazil,João Victor,Rhythm,3400,2020
82,Saudi Arabia,Mohammed Bin Hattan,Dictator,3387,2020
82,Saudi Arabia,Mohammad Almahallawi,M0,3387,2020
82,Yemen,Mohammed Bin Suwedan,iM07A,3387,2020
85,South Africa,Brandon-Lee Ellis,Chambie,3376,2020
86,Norway,Martin Heggøy Aamyri,Pjeh,3325,2020
87,Sweden,Alexander Selfwin,Noth,3317,2020
88,Japan,Shotaro Sakata,saku,3311,2020
89,Canada,Tanner Trebb,Rogue,3267,2020
90,Colombia,Duvan Quintero,Duvan,3250,2020
90,Sweden,Johan Taylor,Taylor,3250,2020
90,Turkey,Kerem Açikel,sAgiiV2,3250,2020
93,Russia,Lev Grigoriev,taskmast33r,3225,2020
94,United States,Peter Archer,Pettyboss,3217,2020
95,Turkey,Berke Balkan,Xertys,3200,2020
96,United States,Christian Feliciano,Nokokopuffs,3192,2020
97,Brazil,Gabriel Teles,Khalef,3180,2020
98,Taiwan,Tung-Wei Chuang,JieLun,3134,2020
99,Canada,Jan Del Rosario,Euriece,3123,2020
100,United States,Marshall Mohr,Mohr,3120,2020
101,Ireland,Oisin O'Brien,Oxbow,3073,2020
102,Russia,Artur Karamov,Sadyama,3025,2020
103,Australia,James Glasson,Reco,2940,2020
104,Russia,Ilya Koppalov,NLaaeR,2930,2020
105,Russia,Mikhail Nikolaev,Stanyyy,2925,2020
106,France,Julien Gachadoatt,KaDyh,2920,2020
106,France,Luchoomun,Mistral,2920,2020
108,Japan,,BobSappAim,2908,2020
109,Malaysia,Roszaidi,RoZx,2880,2020
109,Malaysia,Noel Chuat,BunnyH0p,2880,2020
111,United States,Gavin Schmidt,GsBird,2857,2020
112,South Korea,Kim Gun-ho,ahn2e,2850,2020
113,United States,Matthew Stokes,help,2800,2020
114,United States,Paris Gouzoulis,StayNaughty,2768,2020
115,Japan,Kochi Naoto,Lejetta,2727,2020
116,Australia,Ethan Koong,SkrrttSkrttt,2710,2020
117,United States,Christopher Lee McCarthy,Muffins,2685,2020
118,Brazil,Perycles Ryan,PRV,2647,2020
119,Belarus,Kirill Kostiv,9impulse,2633,2020
120,South Korea,Yoon Hee-jong,Heegak,2627,2020
120,United States,Tyler Clifton Clark,Sickks,2627,2020
122,South Korea,Hyun Jae-geun,DeX,2580,2020
122,Peru,Fabrizzio Ramos Amador,Trabz,2580,2020
124,Taiwan,Po-Han Chen,Roieee,2572,2020
125,France,Johan Wilbrenninck,JSavageW,2560,2020
126,United States,Joey Smith,joeyblackout,2547,2020
127,South Africa,Niall Keegan Ingram,Nialling,2546,2020
128,Thailand,Warut Rattarach,Birdtv,2537,2020
129,United States,Eugenio Gonzalez,Unnin,2533,2020
130,Turkey,Berk Gürel,foZej,2510,2020
131,United States,Ariel Hernandez,Fury,2470,2020
132,Bosnia and Herzegovina,Haris Hodzic,Hodsic,2467,2020
133,South Korea,Lim Chae-won,KaRma,2450,2020
134,Japan,Terasaki Nagi,Anemone,2441,2020
135,Japan,Okano Yuji,YUKIO,2403,2020
136,Brazil,Eduardo Ribeiro,aizer,2400,2020
136,Russia,Danila Soloviov,Sunset,2400,2020
138,Japan,Uri Takahashi,Noiz,2384,2020
139,South Korea,,SunWoo,2340,2020
140,Brazil,Victor Champoski,kolizeum,2310,2020
141,France,Romain Dittmann,wSerious,2300,2020
141,France,Matthieu Pereira,Mpé,2300,2020
141,France,Ivan Markeljic,Osnazeni,2300,2020
144,China,,xuqiiii,2292,2020
144,China,Jun-Cheng Yu,Yus,2292,2020
146,China,Tommy Nguyen,Sung,2287,2020
146,United States,Marco Paramo,Stuhni,2287,2020
148,Turkey,Batuhan Emre Balaban,demotivator,2270,2020
149,Taiwan,Shun-Xian Huang,Chr1s878,2258,2020
150,Japan,,hikaruFrench,2230,2020
151,Japan,Sawazaki Hirotaka,Otogi,2227,2020
151,Japan,Yashima Kohei,STEEEAL,2227,2020
153,United States,Josue Daniel Ruiz,Phony,2208,2020
154,Brazil,Pedro Henrique,Deft,2200,2020
154,Thailand,Pornpawit Suntornsong,TANX,2200,2020
154,Brazil,Nino Pavolini,ninexT,2200,2020
154,Turkey,Görkem Köksal,Zaekownz,2200,2020
158,Ireland,Mark Christensen,Zipeth,2158,2020
159,United Kingdom,Joshua Nice,nOOK,2151,2020
160,Japan,Hiroki Nakayama,Nakahiro,2133,2020
161,Sweden,Leo Nilsson,Leodeddz,2130,2020
162,Japan,,Hesiko,2118,2020
163,United Kingdom,Jamie Levine,Blasts,2100,2020
164,Thailand,Rattawit Supasertpokin,Dero,2077,2020
164,Thailand,Chaiyarit Saijung,JackCute,2077,2020
166,Brazil,Jansen Tosi Siqueira,tur0gh-,2070,2020
167,United Arab Emirates,Matter Mohammed,Atrosty,2053,2020
168,France,Elwin Echeveria,KSWINNIIE,2030,2020
169,Thailand,Rattanarak Kohkaklang,SMAX,1977,2020
170,Canada,Chris Lovstad,Hiarky,1970,2020
171,Saudi Arabia,Hamoud Hajoos,MicroFiberz,1967,2020
172,Japan,,Yukipedia,1960,2020
173,South Korea,Kim Hyun-soo,Ashes,1957,2020
174,United States,Brendan Pode,Onmuu,1917,2020
175,Taiwan,Ren-Hong Wang,Restya,1892,2020
176,United States,Deston Nguyen,Bronzey,1863,2020
177,Japan,Mituki Hirosue,xKiRiNo,1851,2020
178,Indonesia,Muhammad Iqbal Salis,Bellkun,1843,2020
179,Saudi Arabia,Abdullah,TTXTR,1833,2020
179,Russia,Maxim Dmitruk,Exens,1833,2020
181,Japan,,Rapi,1812,2020
182,Canada,Kaylib Moore,Vuzby,1807,2020
183,United States,Dalton,Daltoosh,1800,2020
184,Australia,,Noxious,1773,2020
185,Thailand,Tanaphan Wattanaphan,SAIBER,1750,2020
186,Malaysia,Lee Yong Ze,FenDiiLYZ,1740,2020
187,Belarus,Nikita Marchinsky,clawz,1705,2020
187,Russia,Dmitry Petrov,Fyzu,1705,2020
189,United States,Jordan Thomas,HusKers,1695,2020
190,United States,Nicholas Hobbs,Vein,1683,2020
191,United States,Cameron Cisco,Hambino,1675,2020
192,Thailand,Pat Saejew,NutsuruSama,1660,2020
193,United Kingdom,Joshua Jones,DcTzr,1650,2020
194,China,,zzj,1625,2020
195,United States,Irvin Eflego Jaramillo,oisenpai,1608,2020
196,Thailand,Jirayut Apiwongngam,Z1CKKY,1574,2020
197,United Kingdom,Ming-Liang Oscar Jiang,Yuki,1552,2020
198,Argentina,Agustín Aiello,skaluh,1550,2020
199,Italy,Loris Bilardi,Streamiii,1517,2020
200,Japan,,Sherry,1490,2020
201,Thailand,Phudit Suthanyaphruet,Okie,1470,2020
202,Indonesia,Thoriq Sultan,Bigzzy,1450,2020
203,Brazil,Leandro Domingos Francisco,N3LAS,1442,2020
204,Japan,,Aru,1400,2020
204,Brazil,Kenedy Oliveira,kNd,1400,2020
206,Japan,Reichi Baba,L1ng,1397,2020
206,Japan,Shota Iizuka,Ak1to,1397,2020
208,Hong Kong,Kei-Jeun Lee,w1nter,1391,2020
209,Taiwan,Tsu-Yao Yu,K1SeKi,1380,2020
210,Canada,Michael,Zeroplus,1333,2020
211,Brazil,Lucas Gonçalves Mendes Dias,suwagh,1324,2020
211,Japan,,LEEYUN,1324,2020
213,United States,Tanner Roach,TannerSlays,1300,2020
214,Canada,Alex Scala,scuwry,1277,2020
215,Japan,,Kinnta,1270,2020
215,Australia,Ben Walton,Wxltzy,1270,2020
217,United Kingdom,Younes Elkherrat,Horizxon,1260,2020
218,Japan,,MUSCLE,1240,2020
219,United States,Atanas Dimitrov,LionFYD,1237,2020
220,Hong Kong,,Kaizer,1234,2020
221,United States,Brendan Jensen,BcJ,1220,2020
222,Brazil,,Fixzao,1200,2020
222,South Korea,Lee Hyeon-su,Aurora,1200,2020
224,Argentina,Ignacio Del Rio,Capi,1190,2020
225,Indonesia,Muamar Fahri Abrar,EzFlash,1170,2020
225,United States,Charles Lane,Clane,1170,2020
227,United States,Noah Davis,blitziin,1167,2020
228,Germany,Lukas Becker,Baker,1165,2020
229,Poland,Daniel Piechota,jelliedcorn,1163,2020
230,Japan,,naohiro21,1153,2020
231,Taiwan,,OWO,1131,2020
232,United States,Kenan Colakovic,Keni,1120,2020
233,Argentina,Martin Bègue,Joop,1076,2020
233,Argentina,Khrys Torres,aimbotmachin3,1076,2020
233,Argentina,Elías Gallardo,Gallardd,1076,2020
236,Russia,Artem Nechaev,pkmk,1075,2020
237,South Korea,Seo Myeong-sung,ZELO,1070,2020
237,Thailand,Peeranut Puntsming,hanabijaa,1070,2020
239,Denmark,Svend-Erik Høegh,Taxi,1065,2020
240,United Kingdom,Joshua Alston Davis,Dazoh,1060,2020
241,Brazil,Matheus Oliveira Ribeiro,Bin,1049,2020
242,Thailand,Atikan Senkaew,EMILIAZII,1043,2020
243,Japan,Shibuya Hal,ShibuyaHAL,1042,2020
244,Thailand,Kanin Choowong,JamejyS,1023,2020
245,France,Victor Marion,ASKYY,1010,2020
246,United States,Ryan Luong,Sc1ss0rs,1000,2020
246,Japan,,KoToRi,1000,2020
246,United States,Chay Chavez,Midnightson,1000,2020
249,Belarus,Ilya Taishyn,TayS,995,2020
250,Saudi Arabia,Osama,Anyxii,990,2020
251,Japan,,Zipman,973,2020
252,Japan,,dexyuku,966,2020
253,Japan,白雪 レイド,Shirayuki Reid,956,2020
253,India,Akshuna Bishnoi,Axbak,956,2020
255,Australia,Liam,LowKey,940,2020
256,Thailand,Jakkratorn Khemkhajorn,Xabby,930,2020
257,Australia,Ben Ruffels,AirSaaan,920,2020
258,Thailand,Poovanon Thuvanalin,Almaynx,910,2020
259,United States,Charles Stephens,Stink,900,2020
259,South Korea,Park Yu-hyeon,Park,900,2020
261,Slovakia,Adam Hodoši,rondon,885,2020
262,Japan,,Shakabo,884,2020
263,Taiwan,,ChouChuu,866,2020
264,Chile,Lucas,Zillach,860,2020
264,Chile,Sebastián Guzman,Trumanjar,860,2020
264,Chile,Julián Alfaro,Maveriick,860,2020
267,United States,Octavio Lopez,Musen,842,2020
268,Argentina,Sebastián Ezequiel Niz,1ndraking,840,2020
269,Finland,Niko Suominen,ZeroNothing,820,2020
270,United States,Kevin Nguyen,Wonderfuls,800,2020
270,Canada,Justin Kellar,Kellar,800,2020
270,United States,Gage Meyer,Cali,800,2020
270,South Korea,Kim Min-soo,Sunday,800,2020
270,South Korea,Oh Han-gyel,Winner,800,2020
270,Russia,Tomas Shein,Y4tagan,800,2020
270,Russia,Maksim Babushkin,Raiden,800,2020
270,United Kingdom,Craig Shannon,onscreen,800,2020
270,Russia,Vitalii Popov,FreeD,800,2020
279,United States,Noah Donahue,Tempest,777,2020
280,Turkey,Berkin Özer,klache,770,2020
281,Italy,Ruggero Mossenta,Mox600,750,2020
281,Saudi Arabia,Salem Hassan Al Talhi,zSxlem,750,2020
281,Saudi Arabia,Abdullah Hassan Al Talhi,ShadowCat,750,2020
284,Japan,,Tethy,740,2020
284,Japan,,AhnuG,740,2020
284,South Korea,,Shurae,740,2020
284,South Korea,,Kangmo,740,2020
284,Turkey,Abbas Vahabzade,Xathritess,740,2020
284,South Korea,Ji Yong-jun,Taesik,740,2020
290,Japan,,P1NKI,733,2020
290,Japan,,HaRu,733,2020
290,Japan,,Lelia,733,2020
293,Argentina,Alejo Nahuel Garcia,Prote,730,2020
293,Chile,Darko Beltran,GatoK4,730,2020
295,Australia,Peter Benney,1ief,720,2020
295,France,Ewen Xiong,So0me1ne,720,2020
297,Italy,Andrea Russo,AndreStrong,717,2020
298,United States,Nathan Yoo Rho,yubn,708,2020
299,United States,Lindsey Kingrey,Linz,700,2020
299,United States,,SlurpeeG,700,2020
299,United States,Josh Nguyen,mrhackulo,700,2020
299,United States,Josh Hanko,mercyonlyy,700,2020
299,Sweden,Victor Törnbom,Kozay,700,2020
299,Sweden,Marcus Hultner,Galatorix,700,2020
299,United States,Gregory McAllen,Grego,700,2020
306,United States,Douglas Roberts,Protectful,680,2020
307,Japan,,1tappy,675,2020
308,Latvia,Viktors Bernevs,Forsak3n,670,2020
308,United States,Ryan Amato,Meerko,670,2020
308,Norway,Markus Fjeld,Fjeldern,670,2020
311,Brazil,Vinícius Bergling Coffoni,Caffezin,650,2020
311,United States,Timmy An,iiTzTimmy,650,2020
311,Mexico,Carlo Delsol,Dcop,650,2020
314,Brazil,Julio Augusto,1Worst,640,2020
315,United States,Mason Gursin,Rakkinishu,637,2020
315,Ireland,Rhys Smyth,Funk,637,2020
317,Japan,,uzagiii,624,2020
317,Japan,,Spica,624,2020
319,Russia,Danil Bogdanov,Emersons,623,2020
320,Australia,Trystan Burke,BeaTzPB,620,2020
321,Japan,Kudo Kyosuke,AvadoN,610,2020
322,France,Matthieu Ribiere,oraxe,600,2020
323,Russia,Vladimir Vorotilov,7ozzzus,593,2020
324,Philippines,Dodge Lecciones,Dodge,580,2020
325,United States,Edgar Figueroa,Kruhmmy,570,2020
325,United Kingdom,Matt Pickett,MattPickett,570,2020
325,Thailand,Worapon Kamonwarin,SUNSERIES,570,2020
328,Canada,Laurice Habibi,GuhRL,567,2020
329,Taiwan,Jian-Chang Li,GGEZ_Deep,560,2020
329,Thailand,Sila Akepadcha,KzyyX,560,2020
331,Taiwan,,Yuyu,552,2020
332,Slovakia,Franco Samuel Korompai,xeriffer,550,2020
332,United States,Trevor Scarperi,bborton,550,2020
332,United States,Adam Wells,Spirit,550,2020
335,Japan,,Skym,542,2020
336,Spain,Jose Domingo Llosa Mesías,Uxako,540,2020
337,Japan,,ziun,533,2020
337,Japan,,836,533,2020
337,Japan,,Laxus,533,2020
340,Japan,,Magpie,530,2020
341,Taiwan,Tzu-Hsun Yang,Mirage,525,2020
342,United Kingdom,Dani Strange-Durante,Daniomega,506,2020
343,United States,Matthew Robertson,WiKeD,500,2020
343,Japan,,Furaru,500,2020
343,Japan,,Firo,500,2020
343,Japan,,Rumad,500,2020
343,Sweden,Ludvig Storm,stormen,500,2020
343,United States,Noah Martinez,Android Dream,500,2020
343,United States,Jamison Moore,PVPX,500,2020
350,Denmark,Martin Skrydstrup,gdolphn,497,2020
351,Japan,,ShynkChan,480,2020
352,Japan,,Jewelman,470,2020
352,Japan,,Lusy,470,2020
352,Japan,,Potqtq,470,2020
355,New Zealand,,miGGzy,460,2020
355,Argentina,Nahuel Pulella,Puleule,460,2020
355,Argentina,Agustin Ibarra,Nozwer,460,2020
355,Thailand,Teerasak Kedaim,PinOcChiOs,460,2020
359,Japan,Futo Minami,Pantashia,451,2020
360,United States,Nelson Medina,Xeratricky,450,2020
361,South Africa,Luke Webber,t3nshy,448,2020
361,South Africa,Alix Trublet de Nermont,Altruli,448,2020
361,South Africa,Timothy Barnard,WreXuu,448,2020
364,Japan,,Seaf,430,2020
365,Belgium,Manuel Ramos Sanchez,QTSati,427,2020
365,France,Dylan Catalano,Krama,427,2020
367,Denmark,Nicholas David Espersen,diffq,417,2020
368,United States,Andrew,His,400,2020
368,United States,,Golden,400,2020
368,Lithuania,Elvinas Padegimas,evokje,400,2020
371,Mexico,Eric Sanchez,Forcee,395,2020
371,United States,Damien Starovoyt,Promo_z,395,2020
371,United Kingdom,Brynn Crompton Corbet,brynn,395,2020
374,United States,Cody Couch,ImpulsiveDream,387,2020
375,Portugal,Rui Silva,nightyz,367,2020
375,United States,Devin Nelson,SneakyMonkey,367,2020
377,Taiwan,Shin-Lung Tsai,BoLin,357,2020
378,Japan,Takita Shota,shoh,355,2020
379,Japan,,Sakamoto,350,2020
380,Indonesia,Athoriq Hamzah,Samaeeel,338,2020
380,Indonesia,Risaldi Adil,Pawsanss,338,2020
382,Chile,Nicolás Carrasco,Zoltam,333,2020
382,Brazil,Jackes Cardoso,Stalizy,333,2020
384,Colombia,Castiel Rodriguez,Scannor,330,2020
384,Australia,Josh,Noobles,330,2020
384,Australia,Daniel,Night,330,2020
384,Australia,Chris,SonicTheLedgePog,330,2020
384,South Korea,Park Jae-geun,ManDi,330,2020
384,Thailand,Pasavit Svasti-Xuto,Pannys,330,2020
384,South Korea,Jeong Jae-hui,H1yaA,330,2020
384,South Korea,Lee Dong-gi,IDG,330,2020
392,France,Gabriel Freville,Xqkfuu,327,2020
393,Mexico,Juan Barraza,TayluSs,320,2020
393,Japan,,Yayolvy,320,2020
393,Japan,,NegMegs,320,2020
396,Japan,,0waRy,317,2020
396,United States,Nando Varriale,Nand2o3,317,2020
398,France,Romain Daly,row,310,2020
398,Germany,Andreas Fischer,Julez,310,2020
400,United States,Lindsey,LuluLuvely,300,2020
401,Indonesia,Mikhael Kevin Lubis,Nocturn,289,2020
402,South Korea,Shin Yong-ju,Jusna,287,2020
403,Japan,,Raygh,280,2020
403,Japan,Sigeru Maki,AlpaN,280,2020
405,Portugal,Filipe Morgado,Hiarka,273,2020
406,Chile,Javier Alonso Soto Gonzalez,cyptripio,270,2020
406,Japan,,okame,270,2020
406,South Korea,Goo Gyo-ik,Sty1e,270,2020
406,South Korea,Jeong Da-un,Bazzi,270,2020
410,Thailand,,Jubjibbib,267,2020
411,France,Guillaume Besse,Clone,260,2020
411,France,Jeremie Mac Carthy,Eiwiin,260,2020
411,France,Yoan Simon,ZMB,260,2020
414,Japan,,LLEVA,250,2020
414,United States,,Inhumed,250,2020
414,Canada,,Lutziana,250,2020
414,Turkey,Cem Üstün,Hestia,250,2020
414,United States,Timothy Liang,Overpowered,250,2020
414,Spain,Sergi Torras Aragonés,Winghaven,250,2020
414,Germany,Aaron Staeben,Fleeky_af,250,2020
414,United States,Lauren Laracuente,GlitterXplosion,250,2020
422,Sweden,Alexander Söderberg,Fokarn,247,2020
423,Thailand,Jakkrapat Khemkhajohn,Fratis,240,2020
424,Taiwan,Wen-Hao Yang,TsaiG,234,2020
425,United Kingdom,Ewan Bodden,Edah,217,2020
426,United States,Patrick Kwon,hundredz,200,2020
426,Italy,Alessandro Avallone,stermy,200,2020
426,Italy,Thomas Avallone,HAL,200,2020
426,Italy,Giorgio Calandrelli,POW3R,200,2020
430,Indonesia,Farrel Khezia Ramanda,Silver Sky,195,2020
431,India,Hasan Ali Naqvi,FATTMONSTER,194,2020
432,Japan,,Raitchi,192,2020
432,Japan,,5CG,192,2020
432,United States,Andrew Vargas,Ceryal,192,2020
435,United States,Zach Davis,ZDavis,190,2020
436,Netherlands,Rogier Jongen,Rogerboger,187,2020
437,Denmark,Simon Hald,thex,185,2020
438,Indonesia,Muhhamad Hafiz,DoomMVP,180,2020
438,United States,Seth Burress,Stompez,180,2020
440,South Africa,Michele Marais,viazUU,178,2020
441,India,Matthew Bryan Desouza,UltimateNoob,171,2020
442,Germany,Ray Donald Dewald,Folti,167,2020
442,Saudi Arabia,Saher Kurdi,S2HR,167,2020
444,Ukraine,Stanislav Ostapushchenko,stanjke,166,2020
445,Japan,,Siukun,160,2020
445,Japan,,Eden,160,2020
445,Finland,Jame Markus Tapani Trygg,Smythj,160,2020
448,Taiwan,,Youzi,156,2020
449,United States,Davis Barone,wave,153,2020
450,Germany,Nils Bode,Gerovic12,150,2020
450,Lithuania,Erikas Kiudys,Poachy,150,2020
450,United Kingdom,Tyler Wood,Tyler,150,2020
450,Sweden,Jakob Anderz Palmgren,Shadez,150,2020
450,Italy,Federico Raffaeli Albo,Skannella,150,2020
450,Russia,Alexander Lyashkov,KTVSKY,150,2020
450,United States,Connor White,Gigz,150,2020
457,Australia,Ethan Foo,PlayerK,140,2020
458,United States,Drew,Double0negative,133,2020
458,United States,Chance Lippie,ChanceL,133,2020
460,Japan,,Kyaryneru,125,2020
461,United States,Keon Berghout,Keoon,120,2020
461,United States,Christopher Martinez,BlurrFlavorz,120,2020
461,United States,Jacob McMillin,HisWattson,120,2020
461,United States,,WeThePeople1,120,2020
465,United States,Ronnie Monsevias,RONN1E,117,2020
465,United Kingdom,Jordan Anthony Leigh Matthews,Legitlolly,117,2020
467,United States,Judy,Hers,100,2020
467,Russia,Denis Podan,Senvelse,100,2020
467,Russia,Aleksandr Skulovets,xanndr,100,2020
467,United States,Ian Parkinson,Blight,100,2020
467,United States,,raven,100,2020
467,South Korea,Kang Hyeon-jun,Mainy,100,2020
467,Japan,Hotta Maxim Alexander,Hotoke,100,2020
467,Japan,,Oziko,100,2020
467,Italy,Federico Portolani,Nisa,100,2020
467,Hong Kong,Chi-Fung Ko,Ko0416,100,2020
467,Taiwan,Wei Chang,Xargon,100,2020
467,Canada,Jonathon Boland,Urban,100,2020
467,United States,Jared Gitlin,zombs,100,2020
467,United States,Richard Nelson,KingRichard,100,2020
467,United States,Devon Self,pfitter,100,2020
467,United States,Jason Patterson,MOOMAN,100,2020
483,Japan,,Cheeky,96,2020
483,Japan,,Pinky,96,2020
485,Japan,,odevil,90,2020
485,Japan,,Sapoten,90,2020
487,Russia,Vladislav Khivrenko,BAPE5,89,2020
488,Taiwan,I-Ta Chen,BeiBei,88,2020
489,Russia,Svyatoslav Korochinsky,ojrein,83,2020
490,United States,Anthony Walker,Antzii,80,2020
490,United States,Joseph Lax,nadeZZ,80,2020
490,Indonesia,Fajar Rofianto,Salvatorez,80,2020
493,Taiwan,Jung-Da Lyu,Zonda,79,2020
494,United States,Brett Easton,Hero,70,2020
494,Taiwan,You-Hung Tung,KenTunG,70,2020
496,Brazil,Thales Teixeira Rodrigues,THaless,69,2020
497,Sweden,Jens Pettersson,Mezzenger,67,2020
497,Austria,Iljas Amagow,Matrixx,67,2020
497,United States,Jacob Sandrik,Holliday,67,2020
497,France,Corentin Sadoun,laggeRR,67,2020
1,Finland,Lauri Kouhi,Kouhia,14186,2021
2,United States,William August,SkittleCakes,14140,2021
3,Germany,Herman Kobrin,Nesh,14000,2021
4,United States,Lindsey,LuluLuvely,13867,2021
5,Japan,,ShunMi,13670,2021
6,South Korea,Kang Hyeon-jun,Mainy,13579,2021
7,United States,Evan Verhulst,Verhulst,13130,2021
8,Japan,Reichi Baba,L1ng,12995,2021
9,Thailand,Patimakron Mechai,apexSQL,12818,2021
9,Thailand,Atikan Senkaew,EMILIAZII,12818,2021
11,United States,Nathan Telen,retzi,12643,2021
12,United States,Dalton,Daltoosh,12417,2021
13,United States,Cody Loze,Cody,12367,2021
14,United States,Alan Gonzalez,Vaxlon,12266,2021
15,Argentina,Martin Bègue,Joop,12209,2021
15,Argentina,Khrys Torres,aimbotmachin3,12209,2021
15,Argentina,Ariel Llanos,KrimNN-,12209,2021
18,Thailand,Jakkratorn Khemkhajorn,Xabby,12068,2021
19,Canada,Tanner Trebb,Rogue,11833,2021
20,Malaysia,Noel Chuat,BunnyH0p,11585,2021
21,Chile,Felipe Andrés Zapata Marchant,Elysium,11534,2021
22,Indonesia,Thoriq Sultan,Bigzzy,11531,2021
23,United States,Anthony Andrade,Apryze,11503,2021
24,United Kingdom,Cameron Walker,Noiises,11476,2021
24,United Kingdom,Jamie Levine,Blasts,11476,2021
24,United Kingdom,Brynn Crompton Corbet,brynn,11476,2021
27,United States,Ira Shepherd,dooplex,11467,2021
28,Japan,Kazumoto Sano,sano874,11388,2021
29,Denmark,Martin Skrydstrup,gdolphn,11310,2021
30,Norway,Kha Nguyen,iPN,11307,2021
31,United States,Cole Prommel,Rkn,11284,2021
32,Thailand,Sila Akepadcha,KzyyX,11139,2021
33,United States,Elijah Hill,Hill,10817,2021
34,Japan,,Shakabo,10564,2021
35,United States,Brandon Singer,oh Nocturnal,10420,2021
36,Japan,,YufuNa,10388,2021
37,United States,Thomas Cook,Flanker,10370,2021
37,France,Nicolas Sageot,Amaazz,10370,2021
39,Brazil,João Pedro,Azazel,10330,2021
39,Brazil,Lucas Pontes Pinheiro,Lusquinn,10330,2021
41,Taiwan,Shun-Xian Huang,Chr1s878,10252,2021
42,United Kingdom,Jordan Anthony Leigh Matthews,Legitlolly,10242,2021
42,France,Romain Daly,row,10242,2021
42,Netherlands,Kai van Duppen,Faenex,10242,2021
45,Brazil,Matheus Oliveira Ribeiro,Bin,10216,2021
46,Portugal,Francisco Alves,k4shera,10098,2021
47,Germany,Niclas Riedel,Accentiii,9879,2021
48,United States,Mark Thees,Dropped,9873,2021
49,Japan,,NIRU,9827,2021
50,Brazil,João Vitor Pegos Tel,Jinqs,9668,2021
51,Japan,,SudetakiN,9481,2021
52,Portugal,Rafael da Silva Jesus,PostKiLL,9133,2021
53,United States,Beau Sheidy,RamBeau,9060,2021
54,United States,Hunter Perez,Asura,8956,2021
55,Taiwan,,OWO,8950,2021
56,Ukraine,Oleksander Bokuchava,Sanya,8930,2021
57,Brazil,João Sobral,KiingZ,8752,2021
58,Australia,Joshua Green,Jaro,8683,2021
59,Australia,Ben Walton,Wxltzy,8663,2021
60,United States,Tyler Clifton Clark,Sickks,8572,2021
60,United States,Scott Maynard,Pandxrz,8572,2021
62,United States,Gabe Matthews,Metro,8355,2021
63,China,,kassssa,8207,2021
64,United States,Ryan Boyd,Reptar,8193,2021
65,Australia,Ethan Foo,PlayerK,8180,2021
66,Brazil,Nicollas de Lima Roque,Natsuu,8127,2021
67,Australia,Lachie Bruke,Rakiiii,8124,2021
68,United States,Jack Martin,NiceWigg,7950,2021
69,United States,Josh Hanko,mercyonlyy,7850,2021
70,United States,Ronnie Monsevias,RONN1E,7481,2021
70,Japan,Shotaro Sakata,saku,7481,2021
72,China,,Pite,7466,2021
73,Australia,Louis Borg,BulletL,7443,2021
74,United States,Kyle Hughes,Crook,7381,2021
75,Japan,Kochi Naoto,Lejetta,7354,2021
76,Indonesia,Muhammad Iqbal Salis,Bellkun,7240,2021
77,France,Johan Wilbrenninck,JSavageW,7170,2021
78,United States,Coby Meadows,dizzy,7167,2021
79,Poland,Denis Brendstrup,Denzaay,7041,2021
80,Brazil,Pedro Henrique,SleeeP,7029,2021
81,United States,Ryan Luong,Sc1ss0rs,7019,2021
82,United States,Cameron Cisco,Hambino,7008,2021
83,United States,Kenan Colakovic,Keni,6995,2021
83,United States,Charles Lane,Clane,6995,2021
85,Japan,,Ftyan,6977,2021
86,Colombia,Kevin Sanchez,Denpride,6853,2021
87,United States,Bowen Fuller,Monsoon,6743,2021
88,Brazil,Victor Martins,InvctuZ,6641,2021
89,Japan,Keita Matsura,MatsuTasu,6617,2021
90,United States,Bryan McCarthy,iShiny,6510,2021
91,Austria,Andre Türk,unlucky,6326,2021
92,Germany,,Sineska,6290,2021
93,China,Lingjun Guo,FeiJu,6283,2021
94,United States,,Xednim,6250,2021
95,Germany,Nils Bode,Gerovic12,6239,2021
96,Russia,Anatoly Belousov,Wrugb,6180,2021
97,United Arab Emirates,Matter Mohammed,Atrosty,6151,2021
98,China,Zongren Liu,CacaLL,6126,2021
99,United Kingdom,Ali Naghawi,Naghz,6117,2021
100,Russia,Svyatoslav Korochinsky,ojrein,6087,2021
101,Brazil,Osmar de Matos Marques Filho,OMM,6054,2021
102,Ukraine,Dmytro Sakharuk,Xron,6047,2021
103,United States,,SlurpeeG,5917,2021
104,Italy,Dennis Fratantonio,ShRP,5890,2021
105,Taiwan,You-Hung Tung,KenTunG,5871,2021
106,Japan,Shunsuke Ito,SPK,5821,2021
107,Japan,,Masanori,5774,2021
108,Brazil,Jackes Cardoso,Stalizy,5754,2021
109,Portugal,Filipe Morgado,Hiarka,5686,2021
110,United States,Will Starck,TeQ,5654,2021
110,Japan,,Lemona,5654,2021
112,Japan,,Virtual Gorilla,5559,2021
113,Japan,,Ru,5465,2021
114,China,,Xzz,5454,2021
115,Japan,,LEEYUN,5432,2021
116,United States,Davis Barone,wave,5412,2021
117,Russia,Alexey Rusinov,Maliwan,5361,2021
118,United States,Marco Paramo,Stuhni,5356,2021
119,Colombia,Daniel Avelarde,DRAM4H,5340,2021
120,Russia,David Khachapuridze,dsblf,5331,2021
121,United States,Josh Nguyen,mrhackulo,5311,2021
122,Spain,Iván Cuesta Mendez,Kryp,5299,2021
123,Saudi Arabia,Hamoud Hajoos,MicroFiberz,5251,2021
124,United Kingdom,Joe Byrne,Slayers,5245,2021
125,Denmark,Oliver Kurtuldu,Badoli,5211,2021
126,Mexico,Vicky Palami,VickyPalami,5192,2021
127,Chile,Tomás Concha,Wolfx,5155,2021
128,Brazil,Matheus Cabral Sartorio,theesaar,5129,2021
129,Chile,Pedro Wevar,Neokox,5122,2021
130,Japan,,t23tatsu,5078,2021
130,Japan,,JIGEN,5078,2021
132,United Kingdom,Benjamin Stringer,SMEGGYTOE,5066,2021
133,United States,Nelson Medina,Xeratricky,5027,2021
134,United States,Andre Enriquez,CUBSKi,5022,2021
135,Thailand,Kantapat Tangteekarak,SaiyajinGOD,5011,2021
136,United States,Ariel Hernandez,Fury,4963,2021
137,Peru,Fabrizzio Ramos Amador,Trabz,4898,2021
138,United States,,WeThePeople1,4863,2021
139,Thailand,Nattakit Sukjaroen,Lalab4ng,4855,2021
140,Mexico,Steven Rojas,Pistillo,4833,2021
141,Japan,Yuga Horie,YukaF,4805,2021
142,Russia,Vladimir Vorotilov,7ozzzus,4788,2021
143,Slovenia,Matej Fekonja,MaTaFe,4784,2021
144,Thailand,Nitipath Puangpaiboon,G0PGAP,4726,2021
145,United States,Mason Gursin,Rakkinishu,4713,2021
146,Turkey,Gökhan Saral,Cathryan,4703,2021
147,United States,Joey Smith,joeyblackout,4690,2021
148,United Kingdom,Brenden Legg,Gxnjy,4561,2021
149,United States,Josue Daniel Ruiz,Phony,4530,2021
150,United States,Cody Couch,ImpulsiveDream,4523,2021
151,Finland,Juho Sillanpää,Silta,4484,2021
152,Turkey,Alperen Mehmet Özsoy,LDraconiaN,4453,2021
152,United States,Lucas Watson,Farmerlucas,4453,2021
154,Netherlands,Rogier Jongen,Rogerboger,4446,2021
155,Norway,Tobias Hellesvik,pyradice,4410,2021
156,Argentina,Octavio Sanchez,CaRazorARG,4350,2021
157,Taiwan,Tung-Wei Chuang,JieLun,4333,2021
158,Russia,Kirill Rulin,RANCHES,4306,2021
159,Czech Republic,Josef Nedorost,B4mbino,4263,2021
160,United States,Octavio Lopez,Musen,4259,2021
161,Indonesia,Muamar Fahri Abrar,EzFlash,4165,2021
162,Russia,Anton Shkuratov,xaniya,4108,2021
163,Japan,,N22JB,4104,2021
163,Japan,,Rapi,4104,2021
165,Turkey,Umut Zeytünlü,PinkyFinkyTinky,4083,2021
166,United Kingdom,Jake Lock,jaazzaz,4063,2021
167,Poland,Dominik Szałapski,Siebakk,4037,2021
168,Japan,,Zipman,4016,2021
169,France,Matthieu Ribiere,oraxe,3996,2021
170,Argentina,Nicolas Agurto,Shikaa,3993,2021
171,China,,Aono,3954,2021
172,France,Victor Marion,ASKYY,3953,2021
173,United States,Athanasios Alestas,MrGreekGod,3940,2021
174,Taiwan,I-Ta Chen,BeiBei,3896,2021
175,China,,Jacky1,3876,2021
176,Chile,Brandon Herrera,Brans,3784,2021
177,Russia,Alexander Vojtov,believerok,3674,2021
177,Russia,Elvira Temirova,Esdesu,3674,2021
179,Argentina,Evelyn La Torre,evzy,3669,2021
180,United States,Seth Burress,Stompez,3653,2021
181,France,Rudy De Lamorinière,JokeeV2,3556,2021
182,Japan,Yosuke Tamura,Cabbagest,3550,2021
182,Japan,Kudo Kyosuke,AvadoN,3550,2021
182,Japan,,Brasilian,3550,2021
185,Brazil,Diogo Mariano da Silva,CloNeZERA,3538,2021
186,Mexico,Michi Rouse,Spongeetl,3523,2021
186,Argentina,Sebastian Kosmach,Ricoysuavecito,3523,2021
186,Mexico,Juan Barraza,TayluSs,3523,2021
189,Hong Kong,,Kaizer,3357,2021
190,Thailand,Supakorn Kaewpang,mosu,3352,2021
191,Poland,Jacek Woś,Jacuu,3320,2021
192,United States,Gavin Schmidt,GsBird,3317,2021
193,Russia,Artem Ivanov,fitoo,3305,2021
194,Japan,Okano Yuji,YUKIO,3252,2021
194,United Kingdom,Tyler Wood,Tyler,3252,2021
196,Chile,Lucas,Zillach,3244,2021
197,Japan,,Tosh1,3150,2021
198,Russia,Denis Rassokhin,cleaveee,3129,2021
199,United States,Douglas Roberts,Protectful,3120,2021
200,Italy,Federico Portolani,Nisa,3116,2021
201,Japan,,AhnuG,3115,2021
202,Poland,Daniel Piechota,jelliedcorn,3109,2021
203,Turkey,Berk Gürel,foZej,3094,2021
204,Japan,,Cheeky,3080,2021
205,Japan,,PinoNolR,3072,2021
206,Iraq,Ameer Hassan,VJEIX,3057,2021
207,France,Théo Lesecq,Cyqop,3056,2021
207,France,Julien Verrier,Lerabinou,3056,2021
209,Finland,Roope Kurkela,Ruabbe,3010,2021
209,Finland,Niko Suominen,ZeroNothing,3010,2021
209,Finland,Sebastian Vesala,Mimu,3010,2021
212,United States,Zach Davis,ZDavis,2977,2021
213,United States,Devihn Lindsey,SleepyPanda,2933,2021
214,Japan,白雪 レイド,Shirayuki Reid,2899,2021
215,Finland,Janne Sajomaa,ziki,2893,2021
215,Sweden,Sebastian Eketrapp,BallonG,2893,2021
217,United States,Jose Soto,ProdigyAces,2890,2021
218,China,,Jiepai,2789,2021
219,Japan,,Karaaju,2769,2021
220,Indonesia,Muhhamad Hafiz,DoomMVP,2767,2021
221,Indonesia,Muhammad Arie Rafly,Bastiaan,2760,2021
222,United States,Jamison Moore,PVPX,2750,2021
223,China,,PP,2746,2021
224,Japan,,BobSappAim,2704,2021
225,United States,Jonathan Carlo,Kotigami,2690,2021
225,United States,Charles Stephens,Stink,2690,2021
227,Japan,,kawase,2686,2021
228,China,,Joker,2684,2021
228,China,,SA,2684,2021
230,China,,AZu,2665,2021
231,Japan,Takamasa Kawai,Meltstera,2615,2021
232,Taiwan,Jian-Chang Li,GGEZ_Deep,2605,2021
233,United States,Zachary Dennis,Gildersons,2600,2021
234,Indonesia,Farrel Khezia Ramanda,Silver Sky,2589,2021
235,Japan,,Raygh,2586,2021
235,Japan,,Tethy,2586,2021
237,China,Jun-Cheng Yu,Yus,2548,2021
238,United States,Cambrian Antrillo,TechedCandy,2530,2021
239,Japan,Takita Shota,shoh,2522,2021
240,Australia,Liam,LowKey,2511,2021
241,United States,Preston Stinson,Preslyy,2510,2021
242,United States,Tanner Roach,TannerSlays,2450,2021
243,Australia,Daniel,Night,2435,2021
244,Japan,,kanata,2404,2021
244,Japan,,FRANxx,2404,2021
246,South Korea,,Aimbot,2398,2021
247,Japan,,shomaru,2387,2021
248,United States,Keon Berghout,Keoon,2358,2021
249,Australia,Naythame Nguyen,Rudenayyyyy,2334,2021
250,Japan,,Tari3,2267,2021
250,Japan,,kyoya,2267,2021
252,Argentina,Axel Flocco,TheTerroday,2228,2021
252,Argentina,Hugo Joquin Bavastro,MaestroJefe,2228,2021
254,South Korea,Na Dong-hoon,Mondo,2207,2021
255,Japan,,hikuman,2203,2021
256,Australia,Josh,Noobles,2175,2021
257,Mexico,Eric Sanchez,Forcee,2168,2021
258,Slovakia,Adam Hodoši,rondon,2153,2021
259,Brazil,Kaue Soares,Frogz,2108,2021
260,China,,Jamren,2073,2021
261,Australia,Ben Ruffels,AirSaaan,2062,2021
262,United States,Braden Wells,SirLifty,2060,2021
262,United States,Ryan Pritchard,FatFruitNinja,2060,2021
264,Slovakia,Franco Samuel Korompai,xeriffer,2016,2021
265,China,Yuan Gao,XiaoKai,2014,2021
266,South Korea,Kim Min-soo,Sunday,2000,2021
266,Japan,,naohiro21,2000,2021
266,Japan,,Hesiko,2000,2021
266,Italy,Thomas Avallone,HAL,2000,2021
266,United States,,OddFreestyle,2000,2021
271,Japan,,satuki,1989,2021
272,Brazil,,savINSANO,1984,2021
273,Japan,,Magpie,1967,2021
274,Taiwan,Ren-Hong Wang,Restya,1958,2021
275,Japan,Futo Minami,Pantashia,1937,2021
275,Japan,,Oziko,1937,2021
277,Japan,,Gsnkryu,1936,2021
278,Poland,Kornelia Zawistowska,Sabz,1908,2021
279,Poland,Patryk Zagumny,QUERNI,1886,2021
279,Sweden,Channel Tello,Dipities,1886,2021
281,Russia,Vitali Pajvin,CarryRubick,1871,2021
282,Japan,,5CG,1868,2021
283,United States,Nathan Yoo Rho,yubn,1863,2021
284,Brazil,André Luiz Lucatelli Borges,fuinhaFPS,1858,2021
284,Russia,Artem Nechaev,pkmk,1858,2021
286,Japan,,TenoriN,1856,2021
287,Canada,Lyndon Lauder,LyndonFPS,1833,2021
288,Indonesia,Fajar Rofianto,Salvatorez,1827,2021
289,Hong Kong,Chi-Fung Ko,Ko0416,1819,2021
290,South Korea,Kim Hyun-soo,Ashes,1818,2021
291,South Africa,Matthew Ries,DaStwika,1817,2021
292,South Africa,Brandon-Lee Ellis,Chambie,1812,2021
293,United States,Austin Evans,ACEKTM7,1800,2021
294,Brazil,Alefe Dos Santos,feu,1784,2021
295,Thailand,,Jubjibbib,1772,2021
295,Thailand,Worapon Kamonwarin,SUNSERIES,1772,2021
297,Japan,,InFighT,1760,2021
297,Japan,,DavinCi,1760,2021
299,Japan,,Pinky,1735,2021
300,Indonesia,Idham Syah,idgaf,1728,2021
301,Japan,,MiraTongue,1726,2021
302,Turkey,Hüseyin Demir,SabroNN,1716,2021
303,Japan,,MUSCLE,1714,2021
304,China,,MingYUE,1713,2021
305,United States,Robert Johnson,Dimi,1687,2021
305,Canada,Aidan Macmillan,aidanthedestroye,1687,2021
307,Turkey,Kerim Emre Akkaya,PatEmre,1683,2021
308,Sweden,Otto Boström,ottr,1667,2021
309,Japan,Terasaki Nagi,Anemone,1664,2021
310,Thailand,Nattaphat Yammeng,Minds,1662,2021
311,Chile,Sebastián Guzman,Trumanjar,1644,2021
311,Chile,Nicolás Carrasco,Zoltam,1644,2021
313,Japan,,Potqtq,1609,2021
314,United States,Edgar Figueroa,Kruhmmy,1593,2021
315,Japan,,wqtagashi,1588,2021
315,Japan,,Fzr,1588,2021
317,Japan,,UmichanLoveti,1557,2021
318,Japan,,KaLPiNG,1519,2021
319,India,Hasan Ali Naqvi,FATTMONSTER,1506,2021
320,Bosnia and Herzegovina,Haris Hodzic,Hodsic,1500,2021
321,Taiwan,Tsu-Yao Yu,K1SeKi,1489,2021
322,Brazil,Thiago Martins,Marreta,1484,2021
323,Brazil,Davi Correa,Piwd,1476,2021
324,United States,Jordan McClelland,turnzz,1463,2021
325,Turkey,Cem Üstün,Hestia,1462,2021
326,Italy,Ruggero Mossenta,Mox600,1446,2021
327,Taiwan,,Yuyu,1443,2021
328,United States,Connor Luke,G7Dank,1438,2021
329,South Korea,,Thief,1427,2021
329,South Korea,Lim Chae-won,KaRma,1427,2021
329,South Korea,Hyun Jae-geun,DeX,1427,2021
332,United States,Dylan Braund,Viizay,1421,2021
333,Thailand,Tanaphan Wattanaphan,SAIBER,1420,2021
334,Brazil,Jansen Tosi Siqueira,tur0gh-,1351,2021
335,China,,WenXx,1350,2021
335,United States,Adam Harrold,Rolders,1350,2021
337,Germany,Ray Donald Dewald,Folti,1339,2021
338,Turkey,Hayat Bekzod Alex Ashurov,Kralex,1329,2021
339,Thailand,Teenart Khamkorn,SynchroRios,1327,2021
339,Thailand,Thanasak Nusing,Barroth,1327,2021
341,Japan,,Meltcats,1309,2021
342,Japan,,Sherry,1304,2021
343,United States,Andrew,His,1300,2021
344,Brazil,Bruno Martins,Kraulley,1296,2021
345,China,Wenlong Xu,A1one,1294,2021
345,Brazil,Valter Pires da Costa Junior,Novak,1294,2021
347,China,Tommy Nguyen,Sung,1280,2021
348,Australia,Ethan Koong,SkrrttSkrttt,1273,2021
349,Japan,,Eden,1270,2021
350,Taiwan,Tzu-Cheng Chi,Jongie,1255,2021
351,Russia,Mikhail Nikolaev,Stanyyy,1248,2021
352,Japan,,Kinnta,1237,2021
353,Portugal,Rui Silva,nightyz,1223,2021
354,Singapore,Jasper Yue Wei Xiang,yanlys,1221,2021
355,Japan,,okame,1219,2021
356,South Korea,Shin Yong-ju,Jusna,1218,2021
356,South Korea,Yoon Hee-jong,Heegak,1218,2021
358,United States,Jake Nofchissey,OxyAres,1217,2021
359,Germany,Andreas Fischer,Julez,1212,2021
360,Singapore,Zavier Ng,SaviourHeavier,1211,2021
361,United States,Noah Donahue,Tempest,1145,2021
362,Italy,Roger Boni,Mask,1136,2021
363,Russia,Rostislav Yuryevich Chertovskikh,PlushkaHDD,1127,2021
364,United States,Jacob McMillin,HisWattson,1112,2021
364,United States,Christopher Martinez,BlurrFlavorz,1112,2021
366,China,,Boring,1109,2021
367,China,,Kuku,1104,2021
368,Italy,Gianluigi Sassano,SiveN,1100,2021
369,Poland,David Ciura,AlphaDraft,1097,2021
370,Brazil,Felipi Antoni,felipiant,1084,2021
370,Brazil,Elias Junior,BL4CKSzz,1084,2021
370,Brazil,Wellington Kuwana,frazi,1084,2021
373,Russia,Maxim Dmitruk,Exens,1054,2021
374,Argentina,Lucas Gabriel Salinas,IPirrus,1038,2021
375,South Korea,Kim Gun-ho,ahn2e,1030,2021
376,Brazil,Vinícius Bergling Coffoni,Caffezin,1021,2021
377,Argentina,Gaston Renato Fernandez,Renazera,1008,2021
377,Japan,,yL,1008,2021
379,Turkey,Berkin Özer,klache,1003,2021
379,Argentina,Jose Fernandez,PANIC,1003,2021
381,Russia,Vladislav Dotsenko,Lumiii_N,1000,2021
381,Brazil,,Fixzao,1000,2021
381,France,Corentin Sadoun,laggeRR,1000,2021
381,Saudi Arabia,Mohammad Almahallawi,M0,1000,2021
385,Japan,,Braver,993,2021
385,Japan,,Kontyan,993,2021
387,Brazil,Gabriel Teles,Khalef,981,2021
388,Japan,,kinako,973,2021
389,Portugal,Marcos Cunha,Senzz,970,2021
389,Japan,Yudai Ichise,Wokka,970,2021
391,Chile,Nicolas Avendaño Zavala,undRcL,965,2021
392,Japan,Noto Yasuhito,Nottin,963,2021
393,South Africa,Luke Webber,t3nshy,958,2021
394,Brazil,William Bryan,zBryanxT,934,2021
395,United States,Daniel Castellano,Luxford,933,2021
396,Indonesia,,StrafingFlame,919,2021
396,Taiwan,Jung-Da Lyu,Zonda,919,2021
398,Taiwan,,Rui,917,2021
399,Taiwan,Kuan-Hsian Su,GueiGo,914,2021
400,United States,Matthew Robertson,WiKeD,912,2021
400,United States,Timothy Putrow,sYnceD,912,2021
402,Indonesia,Jin-Long Guo,Heeeiii,909,2021
403,Japan,,Madillerr,908,2021
404,India,Akshuna Bishnoi,Axbak,903,2021
405,Japan,,yukaPEROdator,902,2021
406,Canada,Janey,Janey,900,2021
407,United States,Irvin Eflego Jaramillo,oisenpai,895,2021
408,United States,James Phelps,JamesFearless,893,2021
409,Thailand,,Geniusx,891,2021
409,Thailand,Thanapat Srimuang,Iguyyyyy,891,2021
409,Thailand,Choltakorn Phochinda,IKILLONLYNOOB,891,2021
412,Taiwan,Wei Chang,Xargon,884,2021
413,Australia,James Glasson,Reco,880,2021
414,Japan,,HoNoSuu,871,2021
414,Japan,,Daiki,871,2021
416,Japan,,247,845,2021
417,Indonesia,,Takkayan,844,2021
418,Sweden,Jakob Anderz Palmgren,Shadez,839,2021
419,Italy,Alessio Colalenti,Zeref,833,2021
420,Japan,,Kyaryneru,827,2021
420,Japan,,Tararelux,827,2021
420,Japan,Mituki Hirosue,xKiRiNo,827,2021
420,Thailand,Peeranath Paraprom,Unlimited,827,2021
424,United States,,MessiaH,817,2021
425,Colombia,,7Hyperz,816,2021
426,South Africa,Jacques Schalkwyk,WhysoFriendly,803,2021
427,United States,Cole Caswell,Faide,800,2021
428,Brazil,Gustavo Martinello,DKzeera,774,2021
429,United Kingdom,Matt Pickett,MattPickett,760,2021
430,Argentina,Juan Cruz De La Torre,JayceeTower,750,2021
431,Brazil,Ezequiel Gomes Rocha,asleep,749,2021
432,Egypt,Abdullah Moustafa,Nai,747,2021
433,Brazil,Lucas Vinícius Bueno Santos,Quinha,746,2021
434,United States,Anthony Walker,Antzii,710,2021
435,Japan,,Lusy,702,2021
436,Sweden,Melvin Johansson,OddFluffy,700,2021
437,Netherlands,Lars Goossens,Lxrss,697,2021
438,Brazil,Thales Teixeira Rodrigues,THaless,686,2021
439,Taiwan,,ChouChuu,678,2021
440,United States,Nando Varriale,Nand2o3,653,2021
441,South Africa,Alix Trublet de Nermont,Altruli,645,2021
442,Belarus,Nikita Marchinsky,clawz,641,2021
443,United States,Justin Maunz,Voltic,640,2021
443,Thailand,Warut Rattarach,Birdtv,640,2021
445,United States,Christopher Lee McCarthy,Muffins,633,2021
446,South Korea,Jung Taek-hyun,Recry,615,2021
447,United States,Avery Post,Aves,610,2021
447,Brazil,Yohran Erick,avlis,610,2021
449,United States,Sebastien Cabrera,Mamba,603,2021
450,Brazil,Emerson,nego1,600,2021
450,Japan,,Reyzyyy,600,2021
450,Japan,,HammerDrill,600,2021
450,Ireland,Adam Mooney,muhhn,600,2021
450,South Korea,Jung Hyun-doo,DOYOUKNOWDOO,600,2021
455,Italy,Loris Bilardi,Streamiii,597,2021
456,Japan,,0waRy,582,2021
457,Italy,Federico Trevisan,Shex,574,2021
458,United States,James Lee,KIMCHILEE,560,2021
459,Brazil,Lucas Rodrigues,LuQi,556,2021
460,United States,Jacob Sandrik,Holliday,553,2021
461,China,,GuGu,552,2021
462,Poland,Mikolaj Klimczyk,KIMCZU,549,2021
463,Russia,Ilya Lagutin,snookenn,544,2021
463,Russia,Danil Bogdanov,Emersons,544,2021
465,Brazil,Thiago Cesar de Almeida Couto,Guinho,543,2021
466,South Africa,Michele Marais,viazUU,542,2021
467,Brazil,Perycles Ryan,PRV,530,2021
468,Brazil,Luis Miguel,Secul0,521,2021
469,Russia,Dmitry Petrov,Fyzu,518,2021
470,Brazil,Vitor Martins,Japa,517,2021
470,Brazil,Henrique Muniz,Archerzgold,517,2021
470,Brazil,Raphael Ramalho,Diimas,517,2021
473,China,,Wuy,516,2021
473,Brazil,Daniel Campos Tavares Gomes,Tchoviss,516,2021
473,Argentina,Camilo Spinelli,zolden,516,2021
473,Chile,Gabriel,Gabonito,516,2021
477,Brazil,José Vinicius Testoni,4SeTz,510,2021
477,Italy,Antonio Gerard Willem Kleijn Hesselink,Willemkh,510,2021
479,Japan,Suzune Okamura,Hatsume,507,2021
480,Taiwan,Shin-Lung Tsai,BoLin,502,2021
481,Brazil,Leonardo Felipe,Rynex,500,2021
481,United States,Sean Garcia,vsnz,500,2021
481,Taiwan,,Rex,500,2021
481,United States,Peyton Schutz,peesh,500,2021
485,United States,Brett Easton,Hero,490,2021
486,Russia,Igor Leonov,WaaaaiWaaaai,489,2021
486,Russia,Vadim Chernenkov,krezenn,489,2021
488,Chile,Marion Pereda,Alhdar,487,2021
489,United States,Patrick Kwon,hundredz,485,2021
490,Russia,Nikolay Ivanov,ShadowZS,475,2021
491,Chile,Benjamin Ignacio Ortega Cruces,iMoonDx,460,2021
492,Thailand,Jirayut Apiwongngam,Z1CKKY,453,2021
493,Italy,Alaa Elmeleh,AndyJax,448,2021
494,Japan,,tomorow,442,2021
495,Taiwan,,Youzi,438,2021
496,United States,Andrew Vargas,Ceryal,433,2021
497,Taiwan,Wen-Hao Yang,TsaiG,432,2021
498,Japan,,Alelu,430,2021
499,Germany,Max Schrink,tycoonyx,421,2021
500,United States,Atanas Dimitrov,LionFYD,417,2021
1,Sweden,Alexander Selfwin,Noth,2426,2022
2,United Kingdom,Matthew Biggins,SirDel,2417,2022
3,Russia,Svyatoslav Korochinsky,ojrein,2365,2022
4,Spain,Jose Domingo Llosa Mesías,Uxako,2345,2022
5,South Korea,Kim Jeong-jin,Dogma,2333,2022
5,South Korea,Park Jung-hee,JungHee,2333,2022
5,South Korea,Jung Min-seong,Minseong,2333,2022
5,United States,Elijah Hill,Hill,2333,2022
5,United States,Kyle Hughes,Crook,2333,2022
10,Slovenia,Matej Fekonja,MaTaFe,2292,2022
10,Finland,Juho Sillanpää,Silta,2292,2022
12,Denmark,Casper Emil Præstensgaard,Gnaske,2167,2022
13,United States,Ariel Hernandez,Fury,2000,2022
13,United States,Josue Daniel Ruiz,Phony,2000,2022
13,United States,Ryan Luong,Sc1ss0rs,2000,2022
13,United States,Andrew,His,2000,2022
13,United States,Atanas Dimitrov,LionFYD,2000,2022
13,Japan,,Reyzyyy,2000,2022
13,Japan,,yukaPEROdator,2000,2022
13,Finland,Niko Suominen,ZeroNothing,2000,2022
13,Finland,Sebastian Vesala,Mimu,2000,2022
13,Finland,Roope Kurkela,Ruabbe,2000,2022
13,Denmark,Nicholas David Espersen,diffq,2000,2022
24,Argentina,Gaston Renato Fernandez,Renazera,1850,2022
24,Argentina,Jose Fernandez,PANIC,1850,2022
24,Argentina,Lucas Gabriel Salinas,IPirrus,1850,2022
27,Portugal,Filipe Morgado,Hiarka,1845,2022
28,Japan,,Karaaju,1833,2022
28,Japan,,Tethy,1833,2022
28,Japan,,Raygh,1833,2022
28,Australia,Louis Borg,BulletL,1833,2022
28,Australia,Ben Walton,Wxltzy,1833,2022
28,Australia,Joshua Green,Jaro,1833,2022
34,Taiwan,Jung-Da Lyu,Zonda,1825,2022
35,Japan,Masaki Tamanaha,788,1754,2022
35,Japan,Ishikawa Yuto,DizzyMizLizyy,1754,2022
37,United Kingdom,Younes Elkherrat,Horizxon,1747,2022
38,United States,Bowen Fuller,Monsoon,1733,2022
39,Japan,,Pinky,1732,2022
40,United States,Timmy An,iiTzTimmy,1700,2022
41,Japan,Shunsuke Ito,SPK,1667,2022
42,Germany,Ray Donald Dewald,Folti,1587,2022
43,United States,Brandon Groombridge,FunFPS,1585,2022
44,Taiwan,Ren-Hong Wang,Restya,1575,2022
45,Japan,Yuga Horie,YukaF,1532,2022
46,Brazil,Lucas Pontes Pinheiro,Lusquinn,1525,2022
46,Brazil,Kaue Soares,Frogz,1525,2022
46,Brazil,João Pedro,Azazel,1525,2022
49,United States,Keon Berghout,Keoon,1500,2022
49,Thailand,Patimakron Mechai,apexSQL,1500,2022
49,Thailand,Tanaphan Wattanaphan,SAIBER,1500,2022
49,Thailand,Atikan Senkaew,EMILIAZII,1500,2022
53,United States,Christian Feliciano,Nokokopuffs,1450,2022
54,United States,Bryan McCarthy,iShiny,1433,2022
55,United States,Brandon Singer,oh Nocturnal,1385,2022
55,United States,Zachary Dennis,Gildersons,1385,2022
57,United States,Mark Thees,Dropped,1367,2022
58,United States,Robert Johnson,Dimi,1300,2022
59,United States,Joseph Sanchez,Frexs,1267,2022
60,Taiwan,I-Ta Chen,BeiBei,1245,2022
61,Chile,Marion Pereda,Alhdar,1227,2022
61,Argentina,Octavio Sanchez,CaRazorARG,1227,2022
63,Poland,Kornelia Zawistowska,Sabz,1223,2022
64,Poland,Denis Brendstrup,Denzaay,1213,2022
65,United States,Antonio V. Tello,Moohnee,1200,2022
65,United States,Marco Paramo,Stuhni,1200,2022
65,United States,Anthony Andrade,Apryze,1200,2022
68,Colombia,Daniel Avelarde,DRAM4H,1167,2022
69,Sweden,Martin Wongphrom,Graceful,1162,2022
70,United States,Ryan Schlieve,ImMadness,1117,2022
71,United States,James Phelps,JamesFearless,1083,2022
72,Taiwan,Shun-Xian Huang,Chr1s878,1073,2022
73,Japan,,Potqtq,1072,2022
73,Japan,,Gsnkryu,1072,2022
75,United States,Angello Cadenas,Xenial,1067,2022
76,Chile,Lucas,Zillach,1058,2022
76,Brazil,Jansen Tosi Siqueira,tur0gh-,1058,2022
78,United States,Esteban Gomez,NanoFRYS,1050,2022
79,Italy,Antonio Gerard Willem Kleijn Hesselink,Willemkh,1032,2022
80,United Kingdom,Tyler Wood,Tyler,1015,2022
81,Brazil,Pedro Henrique,SleeeP,1000,2022
81,United States,Daniel Castellano,Luxford,1000,2022
81,Canada,Tanner Trebb,Rogue,1000,2022
81,Indonesia,Muamar Fahri Abrar,EzFlash,1000,2022
81,Indonesia,Muhhamad Hafiz,DoomMVP,1000,2022
81,Indonesia,Muhammad Arie Rafly,Bastiaan,1000,2022
81,Brazil,Emerson,nego1,1000,2022
88,United States,Peter Archer,Pettyboss,967,2022
89,Mexico,Vicky Palami,VickyPalami,950,2022
90,Japan,,YufuNa,949,2022
91,Australia,Ethan Foo,PlayerK,917,2022
91,Australia,Lachie Bruke,Rakiiii,917,2022
91,Malaysia,Noel Chuat,BunnyH0p,917,2022
91,Brazil,Matheus Cabral Sartorio,theesaar,917,2022
91,Brazil,André Luiz Lucatelli Borges,fuinhaFPS,917,2022
96,United States,Cody Couch,ImpulsiveDream,867,2022
97,Thailand,Thanasak Nusing,Barroth,833,2022
97,Thailand,,Geniusx,833,2022
97,Brazil,Davi Correa,Piwd,833,2022
97,Brazil,Victor Champoski,kolizeum,833,2022
97,Brazil,Perycles Ryan,PRV,833,2022
102,Russia,Alexey Rusinov,Maliwan,806,2022
103,Denmark,Martin Skrydstrup,gdolphn,800,2022
104,Canada,,Lutziana,790,2022
105,United States,Nelson Medina,Xeratricky,783,2022
105,United States,Will Starck,TeQ,783,2022
105,United States,Josh Nguyen,mrhackulo,783,2022
105,United States,Ryan Boyd,Reptar,783,2022
109,Czech Republic,Josef Nedorost,B4mbino,760,2022
109,Poland,Daniel Piechota,jelliedcorn,760,2022
109,Ireland,Adam Mooney,muhhn,760,2022
112,United Kingdom,Jake Lock,jaazzaz,733,2022
112,United Kingdom,Joshua Alston Davis,Dazoh,733,2022
114,Italy,Dennis Fratantonio,ShRP,723,2022
114,France,Nicolas Sageot,Amaazz,723,2022
114,France,Johan Wilbrenninck,JSavageW,723,2022
117,United Kingdom,Aiden Young,Liphnn,700,2022
118,Russia,Mikhail Nikolaev,Stanyyy,685,2022
118,Russia,David Khachapuridze,dsblf,685,2022
120,United States,Kenan Colakovic,Keni,683,2022
120,United States,Charles Lane,Clane,683,2022
122,Japan,,kanata,667,2022
122,Japan,,FRANxx,667,2022
122,Japan,,wqtagashi,667,2022
122,Japan,,Fzr,667,2022
122,Japan,Keita Matsura,MatsuTasu,667,2022
122,Japan,Takamasa Kawai,Meltstera,667,2022
122,Japan,,5CG,667,2022
122,United States,Thomas Cook,Flanker,667,2022
122,Japan,,Hesiko,667,2022
122,Japan,,naohiro21,667,2022
122,United States,Lucas Watson,Farmerlucas,667,2022
122,South Korea,Song Hong-gyun,Ras,667,2022
122,Japan,Okano Yuji,YUKIO,667,2022
122,South Korea,Choi Dam-ho,Zeder,667,2022
122,Japan,,Curihara,667,2022
122,United States,Mason Gursin,Rakkinishu,667,2022
122,South Korea,Na Dong-hoon,Mondo,667,2022
122,France,Julien Verrier,Lerabinou,667,2022
122,France,Rudy De Lamorinière,JokeeV2,667,2022
122,France,Corentin Sadoun,laggeRR,667,2022
142,Austria,Andre Türk,unlucky,665,2022
143,Italy,Alaa Elmeleh,AndyJax,660,2022
143,Italy,Federico Trevisan,Shex,660,2022
145,Canada,Janey,Janey,640,2022
146,United States,Cameron Cisco,Hambino,633,2022
146,Denmark,Mikkel Halle Hestbek,Mande,633,2022
148,France,Geoffrey C.,robbeN,598,2022
149,Japan,,Cheeky,575,2022
149,Japan,,Alelu,575,2022
149,Japan,,dexyuku,575,2022
149,Japan,Hotta Maxim Alexander,Hotoke,575,2022
153,United States,Jay Stanley,Claraphi,567,2022
154,Taiwan,,OWO,557,2022
155,Japan,,Masanori,548,2022
156,Sweden,Lucas Holmqvist,eytiiN,543,2022
157,China,,Xzz,523,2022
157,China,Wenlong Xu,A1one,523,2022
157,China,,xuqiiii,523,2022
160,Japan,,hikuman,522,2022
161,Poland,David Ciura,AlphaDraft,518,2022
162,Italy,Gianluigi Sassano,SiveN,506,2022
163,United States,Lindsey,LuluLuvely,500,2022
163,United States,Deston Nguyen,Bronzey,500,2022
163,United States,Austin Evans,ACEKTM7,500,2022
163,United Kingdom,Shivam Patel,ShivFPS,500,2022
167,Russia,Vladislav Dotsenko,Lumiii_N,483,2022
168,Lithuania,Elvinas Padegimas,evokje,482,2022
169,Russia,Anatoly Belousov,Wrugb,473,2022
169,Ukraine,Oleksander Bokuchava,Sanya,473,2022
169,Ukraine,Dmytro Sakharuk,Xron,473,2022
172,France,Guillaume Besse,Clone,465,2022
172,France,Victor Marion,ASKYY,465,2022
174,Japan,,Eden,463,2022
175,China,,Jiepai,462,2022
175,China,,AZu,462,2022
177,United States,,SlurpeeG,450,2022
177,United States,Brendan Pode,Onmuu,450,2022
177,United States,Nicholas Hobbs,Vein,450,2022
177,Canada,Alex Scala,scuwry,450,2022
177,United States,Andre Enriquez,CUBSKi,450,2022
182,Belarus,Kirill Kostiv,9impulse,445,2022
183,United States,Seth Burress,Stompez,433,2022
183,Mexico,Jacobo Ríos,NMEgo,433,2022
183,China,Tommy Nguyen,Sung,433,2022
183,United States,Davis Barone,wave,433,2022
183,United States,Connor Luke,G7Dank,433,2022
188,China,,MingYUE,428,2022
189,Russia,Rostislav Yuryevich Chertovskikh,PlushkaHDD,425,2022
190,Russia,Lev Grigoriev,taskmast33r,395,2022
190,Russia,Danila Soloviov,Sunset,395,2022
192,Chile,Pedro Wevar,Neokox,394,2022
193,United States,Dylan Braund,Viizay,383,2022
194,Italy,Alessio Colalenti,Zeref,372,2022
195,Mexico,Earving Alberto,ThePr0,367,2022
195,Mexico,Alexis Martinez,Jaguares,367,2022
195,Mexico,Jose Antonio Mar Coronel,Jomacs,367,2022
195,United States,,MessiaH,367,2022
199,United Kingdom,Jake Walters,Jmw,362,2022
199,Sweden,Rasmus Zettergren,maydeelol,362,2022
201,China,,GuGu,359,2022
202,Brazil,João Sobral,KiingZ,358,2022
202,Brazil,Jackes Cardoso,Stalizy,358,2022
202,Chile,Tomás Concha,Wolfx,358,2022
205,Taiwan,,Rui,354,2022
206,Mexico,Eric Sanchez,Forcee,350,2022
206,United States,Jordan McClelland,turnzz,350,2022
206,Thailand,Kantapat Tangteekarak,SaiyajinGOD,350,2022
206,Thailand,Supakorn Kaewpang,mosu,350,2022
206,Thailand,Pat Saejew,NutsuruSama,350,2022
211,Canada,Aidan Macmillan,aidanthedestroye,333,2022
211,Brazil,José Vinicius Testoni,4SeTz,333,2022
211,South Korea,Jung Hyun-doo,DOYOUKNOWDOO,333,2022
211,Japan,,Tari3,333,2022
211,South Korea,Jung Taek-hyun,Recry,333,2022
211,United States,Joey Smith,joeyblackout,333,2022
211,Japan,,UmichanLoveti,333,2022
211,Japan,,MiraTongue,333,2022
211,United States,Zach Davis,ZDavis,333,2022
211,Japan,,Madillerr,333,2022
211,Japan,,satuki,333,2022
211,United States,Douglas Roberts,Protectful,333,2022
211,United States,Hunter Perez,Asura,333,2022
211,Japan,,kyoya,333,2022
211,South Korea,Kim Hyun-soo,Ashes,333,2022
211,South Korea,Kim Gun-ho,ahn2e,333,2022
211,Brazil,Luis Gonzaga,N0_CL1CK,333,2022
211,Japan,Futo Minami,Pantashia,333,2022
211,Japan,Takita Shota,shoh,333,2022
211,Russia,Maxim Dmitruk,Exens,333,2022
211,Norway,Tobias Hellesvik,pyradice,333,2022
211,Croatia,Dan Ušić,rpr,333,2022
211,India,Hasan Ali Naqvi,FATTMONSTER,333,2022
211,Singapore,Jasper Yue Wei Xiang,yanlys,333,2022
211,Singapore,Zavier Ng,SaviourHeavier,333,2022
211,Australia,Naythame Nguyen,Rudenayyyyy,333,2022
211,China,,Aono,333,2022
211,Malaysia,Aiman Arif,LittleArif,333,2022
211,Indonesia,Muhammad Iqbal Salis,Bellkun,333,2022
211,India,Akshuna Bishnoi,Axbak,333,2022
211,Indonesia,,StrafingFlame,333,2022
211,China,,kassssa,333,2022
211,Indonesia,Jin-Long Guo,Heeeiii,333,2022
211,Brazil,Leonardo Felipe,Rynex,333,2022
211,Argentina,Ariel Llanos,KrimNN-,333,2022
211,Chile,Nicolas Avendaño Zavala,undRcL,333,2022
211,Brazil,Raphael Ramalho,Diimas,333,2022
211,Brazil,Alefe Dos Santos,feu,333,2022
211,Argentina,Martin Bègue,Joop,333,2022
211,Argentina,Khrys Torres,aimbotmachin3,333,2022
211,Brazil,Vitor Martins,Japa,333,2022
211,Brazil,Henrique Muniz,Archerzgold,333,2022
253,Taiwan,Jian-Chang Li,GGEZ_Deep,323,2022
254,United States,Edgar Figueroa,Kruhmmy,317,2022
254,United Kingdom,Matt Pickett,MattPickett,317,2022
254,United States,Avery Post,Aves,317,2022
257,United States,Devihn Lindsey,SleepyPanda,300,2022
257,United States,Cory,Coryyy,300,2022
257,United States,Jacob McMillin,HisWattson,300,2022
260,Netherlands,Lars Goossens,Lxrss,295,2022
261,Ukraine,Maksym Stadniuk,Max-Strafe,284,2022
262,Taiwan,Sheng-Lun Zhang,Crazyface,267,2022
263,South Korea,Park Won-jae,Cpt,252,2022
264,United States,Jamison Moore,PVPX,250,2022
264,United States,Kurtis Gallo,Kurt,250,2022
264,United States,Michael Sherman,Sonii,250,2022
264,United States,Nando Varriale,Nand2o3,250,2022
264,United States,Jacob Sandrik,Holliday,250,2022
269,Taiwan,Wei Chang,Xargon,233,2022
269,Turkey,Abbas Vahabzade,Xathritess,233,2022
269,Taiwan,Tzu-Cheng Chi,Jongie,233,2022
269,Taiwan,Liao Hsien-Ting,Krapy,233,2022
269,Taiwan,,Yuyu,233,2022
269,Turkey,Tolga Çınar,Varayn,233,2022
275,France,Romain Daly,row,230,2022
275,United Kingdom,Jordan Anthony Leigh Matthews,Legitlolly,230,2022
275,Netherlands,Kai van Duppen,Faenex,230,2022
278,United States,Devon Self,pfitter,200,2022
278,Taiwan,Mao-Sen Huang,AsSen,200,2022
278,Taiwan,,Rex,200,2022
278,United States,Tanner Roach,TannerSlays,200,2022
278,United States,Jack Martin,NiceWigg,200,2022
278,Sweden,Lucas Håkansson,Mendo,200,2022
278,Norway,Kha Nguyen,iPN,200,2022
285,Brazil,Thiago Cesar de Almeida Couto,Guinho,192,2022
285,Brazil,Valter Pires da Costa Junior,Novak,192,2022
287,Taiwan,Shin-Lung Tsai,BoLin,188,2022
288,Brazil,Rodrigo Castanho,P1NNGA,167,2022
288,Peru,,Nan2,167,2022
288,United States,Ian Parkinson,Blight,167,2022
288,Indonesia,Zidan Syahada,MeXiouSx,167,2022
288,Indonesia,Jovan Arfi Ramadhan,Misanthropy,167,2022
288,Thailand,Nattakit Sukjaroen,Lalab4ng,167,2022
288,Thailand,Chaiyarit Saijung,JackCute,167,2022
288,Thailand,Nitipath Puangpaiboon,G0PGAP,167,2022
288,Colombia,,7Hyperz,167,2022
288,Peru,Dante,XzZiE,167,2022
288,Brazil,Felipi Antoni,felipiant,167,2022
299,Russia,Vladimir Vorotilov,7ozzzus,149,2022
300,Russia,Aleksandr Skulovets,xanndr,137,2022
300,Belarus,Petr Myagkov,Desertuk,137,2022
302,United States,Sebastien Cabrera,Mamba,125,2022
303,China,,Joker,122,2022
303,China,,SA,122,2022
303,China,,PP,122,2022
306,United States,Trevor Scarperi,bborton,117,2022
306,United States,Anthony Walker,Antzii,117,2022
306,United States,Noah Davis,blitziin,117,2022
306,Russia,Kirill Ohapkin,Raygo,117,2022
306,United States,Adam Harrold,Rolders,117,2022
306,United States,Cody Loze,Cody,117,2022
312,Russia,Vladislav Suslov,WeakQ,115,2022
313,Russia,Kirill Buhanisty,KrEy,109,2022
314,Mexico,Michi Rouse,Spongeetl,100,2022
314,United States,Brandon Crews,Crewsn,100,2022
314,United States,James Lee,KIMCHILEE,100,2022
314,Mexico,Mauricio,UpSushi,100,2022
314,Poland,Mikolaj Klimczyk,KIMCZU,100,2022
314,United States,Preston Stinson,Preslyy,100,2022
314,United States,Josh Hanko,mercyonlyy,100,2022
314,Mexico,Juan Barraza,TayluSs,100,2022
314,United States,Scott Maynard,Pandxrz,100,2022
314,United States,Tyler Clifton Clark,Sickks,100,2022
324,Italy,Ruggero Mossenta,Mox600,89,2022
325,Japan,,Zipman,87,2022
326,Canada,Chris Lovstad,Hiarky,83,2022
327,Japan,Shibuya Hal,ShibuyaHAL,78,2022
327,Japan,,Ru,78,2022
329,Italy,Roger Boni,Mask,60,2022
330,Chile,Sebastián Guzman,Trumanjar,58,2022
331,Russia,Denis Podan,Senvelse,57,2022
332,China,,WenXx,52,2022
332,China,,Wuy,52,2022
332,China,Yuan Gao,XiaoKai,52,2022
332,China,,Jamren,52,2022
332,China,Lingjun Guo,FeiJu,52,2022
337,Germany,,Sineska,50,2022
337,United States,Gavin Schmidt,GsBird,50,2022
337,United States,William Fickett,Vatroh,50,2022
337,Egypt,Abdullah Moustafa,Nai,50,2022
337,Saudi Arabia,Saher Kurdi,S2HR,50,2022
342,China,,Jacky1,42,2022
342,Brazil,Vinícius Bergling Coffoni,Caffezin,42,2022
344,Russia,Ilya Lagutin,snookenn,41,2022
344,Russia,Danil Bogdanov,Emersons,41,2022
346,China,Zongren Liu,CacaLL,34,2022
347,United States,Noah Donahue,Tempest,33,2022
347,United States,Timothy Putrow,sYnceD,33,2022
347,United States,Matthew Robertson,WiKeD,33,2022
347,Indonesia,Rizky Nugraha,Kisanss,33,2022
347,Indonesia,Thoriq Sultan,Bigzzy,33,2022
347,Indonesia,Zirul Iman,Zaratass,33,2022
347,United States,Octavio Lopez,Musen,33,2022
354,Chile,Álvaro Sebastián Bahamonde Betancur,Kr0noz,30,2022
354,Argentina,Gregorio Martinez,GregoM,30,2022
356,Poland,Paweł Świder,eziiie,28,2022
356,Poland,Dominik Szałapski,Siebakk,28,2022
358,Japan,Suzune Okamura,Hatsume,26,2022
358,Japan,,Sapoten,26,2022
358,Japan,Shota Iizuka,Ak1to,26,2022
358,Japan,,Yayolvy,26,2022
362,Canada,Lane Carter,Layn,25,2022
362,United States,Joseph Lax,nadeZZ,25,2022
364,Japan,,odevil,17,2022
364,Slovakia,Adam Hodoši,rondon,17,2022
364,Germany,Andreas Fischer,Julez,17,2022
367,Argentina,Axel Flocco,TheTerroday,10,2022
368,Lithuania,Erikas Kiudys,Poachy,9,2022
368,Sweden,Jakob Anderz Palmgren,Shadez,9,2022
